,0
0,0.056572379367720464
1,0.09650582362728785
2,0.03826955074875208
3,0.019966722129783693
4,0.033277870216306155
5,0.03161397670549085
6,0.05324459234608985
7,0.051580698835274545
8,0.09151414309484193
9,0.05324459234608985
10,0.08485856905158069
11,0.13643926788685523
12,0.11647254575707154
13,0.09983361064891846
14,0.09151414309484193
15,0.09816971713810316
16,0.06821963394342762
17,0.08652246256239601
18,0.07487520798668885
19,0.04159733777038269
20,0.05823627287853577
21,0.028286189683860232
22,0.06821963394342762
23,0.08319467554076539
24,0.08153078202995008
25,0.04658901830282862
26,0.03826955074875208
27,0.029950083194675542
28,0.056572379367720464
29,0.036605657237936774
30,0.04492512479201331
31,0.07820299500831947
32,0.07487520798668885
33,0.07820299500831947
34,0.09151414309484193
35,0.07487520798668885
36,0.04492512479201331
37,0.029950083194675542
38,0.056572379367720464
39,0.08153078202995008
40,0.07321131447587355
41,0.09317803660565724
42,0.07321131447587355
43,0.0632279534109817
44,0.05490848585690516
45,0.064891846921797
46,0.06156405990016639
47,0.04991680532445923
48,0.08485856905158069
49,0.05490848585690516
50,0.026622296173044926
51,0.03494176372712146
52,0.04658901830282862
53,0.051580698835274545
54,0.048252911813643926
55,0.03494176372712146
56,0.05324459234608985
57,0.036605657237936774
58,0.03826955074875208
59,0.059900166389351084
60,0.029950083194675542
61,0.03494176372712146
62,0.009983361064891847
63,0.028286189683860232
64,0.03494176372712146
65,0.0066555740432612314
66,0.036605657237936774
67,0.04492512479201331
68,0.07986688851913477
69,0.06988352745424292
70,0.07154742096505824
71,0.04159733777038269
72,0.051580698835274545
73,0.051580698835274545
74,0.04159733777038269
75,0.03494176372712146
76,0.028286189683860232
77,0.04658901830282862
78,0.05490848585690516
79,0.03826955074875208
80,0.026622296173044926
81,0.036605657237936774
82,0.07653910149750416
83,0.026622296173044926
84,0.028286189683860232
85,0.014975041597337771
86,0.004991680532445923
87,0.036605657237936774
88,0.036605657237936774
89,0.04658901830282862
90,0.04326123128119801
91,0.048252911813643926
92,0.06655574043261231
93,0.03494176372712146
94,0.04492512479201331
95,0.028286189683860232
96,0.03161397670549085
97,0.04326123128119801
98,0.07321131447587355
99,0.04326123128119801
100,0.08319467554076539
101,0.07321131447587355
102,0.09317803660565724
103,0.09151414309484193
104,0.09317803660565724
105,0.11314475873544093
106,0.07487520798668885
107,0.04991680532445923
108,0.03826955074875208
109,0.04326123128119801
110,0.07487520798668885
111,0.07986688851913477
112,0.03494176372712146
113,0.029950083194675542
114,0.029950083194675542
115,0.04326123128119801
116,0.021630615640599003
117,0.06156405990016639
118,0.07986688851913477
119,0.05324459234608985
120,0.056572379367720464
121,0.07986688851913477
122,0.10316139767054909
123,0.07487520798668885
124,0.07154742096505824
125,0.06655574043261231
126,0.08485856905158069
127,0.13311148086522462
128,0.12146422628951747
129,0.08652246256239601
130,0.13311148086522462
131,0.1264559068219634
132,0.1713810316139767
133,0.20133111480865223
134,0.17470881863560733
135,0.129783693843594
136,0.1497504159733777
137,0.1447587354409318
138,0.2113144758735441
139,0.20133111480865223
140,0.15474209650582363
141,0.129783693843594
142,0.17803660565723795
143,0.15806988352745424
144,0.22462562396006655
145,0.24792013311148087
146,0.22628951747088186
147,0.27287853577371046
148,0.22628951747088186
149,0.18469217970049917
150,0.20465890183028287
151,0.18635607321131448
152,0.18136439267886856
153,0.17803660565723795
154,0.24792013311148087
155,0.24459234608985025
156,0.20465890183028287
157,0.2529118136439268
158,0.39933444259567386
159,0.39434276206322794
160,0.41264559068219636
161,0.37603993344425957
162,0.4043261231281198
163,0.31114808652246256
164,0.3544093178036606
165,0.41098169717138106
166,0.32945091514143093
167,0.36605657237936773
168,0.3544093178036606
169,0.40099833610648916
170,0.4492512479201331
171,0.4226289517470882
172,0.47920133111480867
173,0.5041597337770383
174,0.46921797004991683
175,0.4841930116472546
176,0.49584026622296173
177,0.45923460898502494
178,0.47088186356073214
179,0.4908485856905158
180,0.49750415973377704
181,0.5374376039933444
182,0.5440931780366056
183,0.5873544093178037
184,0.6123128119800333
185,0.5806988352745425
186,0.519134775374376
187,0.502495840266223
188,0.4908485856905158
189,0.4841930116472546
190,0.4858569051580699
191,0.46589018302828616
192,0.47254575707154745
193,0.4425956738768719
194,0.46089850249584025
195,0.5008319467554077
196,0.4825291181364393
197,0.5956738768718802
198,0.5141430948419301
199,0.43760399334442596
200,0.4226289517470882
201,0.39933444259567386
202,0.3910149750415973
203,0.43094841930116473
204,0.4925124792013311
205,0.540765391014975
206,0.5440931780366056
207,0.46089850249584025
208,0.46755407653910147
209,0.4176372712146423
210,0.39933444259567386
211,0.4209650582362729
212,0.3261231281198003
213,0.39267886855241263
214,0.4292845257903494
215,0.4459234608985025
216,0.3876871880199667
217,0.5241264559068219
218,0.502495840266223
219,0.5241264559068219
220,0.4891846921797005
221,0.5224625623960066
222,0.4858569051580699
223,0.4825291181364393
224,0.5008319467554077
225,0.49417637271214643
226,0.49584026622296173
227,0.415973377703827
228,0.40765391014975044
229,0.5257903494176372
230,0.3777038269550749
231,0.34608985024958405
232,0.41264559068219636
233,0.4442595673876872
234,0.34941763727121466
235,0.39267886855241263
236,0.39767054908485855
237,0.41264559068219636
238,0.4858569051580699
239,0.47420965058236275
240,0.4425956738768719
241,0.4193011647254576
242,0.40266222961730447
243,0.46256239600665555
244,0.41430948419301167
245,0.454242928452579
246,0.45923460898502494
247,0.43926788685524126
248,0.36772046589018303
249,0.36772046589018303
250,0.41264559068219636
251,0.4176372712146423
252,0.41430948419301167
253,0.41098169717138106
254,0.3793677204658902
255,0.4043261231281198
256,0.36605657237936773
257,0.34941763727121466
258,0.33777038269550747
259,0.3211314475873544
260,0.39434276206322794
261,0.33444259567387685
262,0.3011647254575707
263,0.31114808652246256
264,0.3161397670549085
265,0.34775374376039936
266,0.2911813643926789
267,0.2545757071547421
268,0.3011647254575707
269,0.23960066555740434
270,0.2762063227953411
271,0.22628951747088186
272,0.20632279534109818
273,0.21630615640599002
274,0.22462562396006655
275,0.23294509151414308
276,0.16638935108153077
277,0.19633943427620631
278,0.27287853577371046
279,0.27121464226289516
280,0.19800332778702162
281,0.21797004991680533
282,0.1930116472545757
283,0.24958402662229617
284,0.281198003327787
285,0.21963394342762063
286,0.194675540765391
287,0.1281198003327787
288,0.1447587354409318
289,0.14309484193011648
290,0.11980033277870217
291,0.13810316139767054
292,0.13311148086522462
293,0.15141430948419302
294,0.15307820299500832
295,0.15640599001663893
296,0.15806988352745424
297,0.13976705490848584
298,0.10316139767054909
299,0.14309484193011648
300,0.13643926788685523
301,0.12312811980033278
302,0.1048252911813644
303,0.03993344425956739
304,0.04159733777038269
305,0.1048252911813644
306,0.09816971713810316
307,0.09151414309484193
308,0.13810316139767054
309,0.06156405990016639
310,0.04326123128119801
311,0.04991680532445923
312,0.036605657237936774
313,0.0632279534109817
314,0.10981697171381032
315,0.08485856905158069
316,0.05823627287853577
317,0.04492512479201331
318,0.036605657237936774
319,0.033277870216306155
320,0.03494176372712146
321,0.048252911813643926
322,0.03161397670549085
323,0.04326123128119801
324,0.03993344425956739
325,0.03993344425956739
326,0.033277870216306155
327,0.03993344425956739
328,0.03993344425956739
329,0.07653910149750416
330,0.056572379367720464
331,0.051580698835274545
332,0.024958402662229616
333,0.021630615640599003
334,0.051580698835274545
335,0.056572379367720464
336,0.0632279534109817
337,0.07321131447587355
338,0.06821963394342762
339,0.028286189683860232
340,0.04326123128119801
341,0.056572379367720464
342,0.059900166389351084
343,0.024958402662229616
344,0.02329450915141431
345,0.064891846921797
346,0.09317803660565724
347,0.051580698835274545
348,0.08319467554076539
349,0.07321131447587355
350,0.021630615640599003
351,0.026622296173044926
352,0.014975041597337771
353,0.04326123128119801
354,0.024958402662229616
355,0.021630615640599003
356,0.028286189683860232
357,0.04658901830282862
358,0.06988352745424292
359,0.04492512479201331
360,0.07154742096505824
361,0.056572379367720464
362,0.064891846921797
363,0.05490848585690516
364,0.059900166389351084
365,0.10752688172043011
