,11020,11025,11035,11036,11040,11045,11049,11055,11095,11099,11153,11157,11159,14157,14369
0,0.02040816326530612,0.038461538461538464,0.075,0.03773584905660377,0.05555555555555555,0.041666666666666664,0.08888888888888889,0.08571428571428572,0.017857142857142856,0.034482758620689655,0.15,0.05263157894736842,0.07894736842105263,0.0975609756097561,0.045454545454545456
1,0.10204081632653061,0.09615384615384616,0.075,0.09433962264150944,0.14814814814814814,0.08333333333333333,0.08888888888888889,0.08571428571428572,0.08928571428571429,0.10344827586206896,0.05,0.05263157894736842,0.05263157894736842,0.14634146341463414,0.13636363636363635
2,0.061224489795918366,0.057692307692307696,0.0,0.03773584905660377,0.05555555555555555,0.041666666666666664,0.0,0.0,0.03571428571428571,0.10344827586206896,0.05,0.0,0.02631578947368421,0.04878048780487805,0.045454545454545456
3,0.02040816326530612,0.038461538461538464,0.0,0.018867924528301886,0.037037037037037035,0.0625,0.0,0.0,0.0,0.0,0.0,0.10526315789473684,0.02631578947368421,0.0,0.0
4,0.04081632653061224,0.038461538461538464,0.025,0.018867924528301886,0.07407407407407407,0.020833333333333332,0.022222222222222223,0.05714285714285714,0.03571428571428571,0.0,0.0,0.05263157894736842,0.05263157894736842,0.024390243902439025,0.0
5,0.04081632653061224,0.019230769230769232,0.025,0.018867924528301886,0.07407407407407407,0.020833333333333332,0.06666666666666667,0.02857142857142857,0.03571428571428571,0.034482758620689655,0.0,0.0,0.02631578947368421,0.0,0.045454545454545456
6,0.061224489795918366,0.057692307692307696,0.05,0.03773584905660377,0.05555555555555555,0.0625,0.08888888888888889,0.05714285714285714,0.05357142857142857,0.0,0.0,0.05263157894736842,0.02631578947368421,0.07317073170731707,0.09090909090909091
7,0.04081632653061224,0.057692307692307696,0.05,0.018867924528301886,0.018518518518518517,0.0625,0.13333333333333333,0.02857142857142857,0.03571428571428571,0.034482758620689655,0.1,0.0,0.10526315789473684,0.07317073170731707,0.0
8,0.08163265306122448,0.09615384615384616,0.15,0.07547169811320754,0.07407407407407407,0.10416666666666667,0.17777777777777778,0.08571428571428572,0.07142857142857142,0.0,0.1,0.15789473684210525,0.07894736842105263,0.07317073170731707,0.045454545454545456
9,0.04081632653061224,0.057692307692307696,0.075,0.07547169811320754,0.05555555555555555,0.0625,0.08888888888888889,0.02857142857142857,0.03571428571428571,0.034482758620689655,0.05,0.0,0.05263157894736842,0.04878048780487805,0.045454545454545456
10,0.10204081632653061,0.07692307692307693,0.1,0.07547169811320754,0.1111111111111111,0.08333333333333333,0.1111111111111111,0.02857142857142857,0.08928571428571429,0.06896551724137931,0.05,0.0,0.13157894736842105,0.04878048780487805,0.13636363636363635
11,0.14285714285714285,0.1346153846153846,0.175,0.1320754716981132,0.12962962962962962,0.14583333333333334,0.17777777777777778,0.17142857142857143,0.125,0.13793103448275862,0.05,0.0,0.13157894736842105,0.14634146341463414,0.13636363636363635
12,0.10204081632653061,0.11538461538461539,0.075,0.07547169811320754,0.14814814814814814,0.125,0.13333333333333333,0.2,0.125,0.06896551724137931,0.05,0.10526315789473684,0.15789473684210525,0.12195121951219512,0.09090909090909091
13,0.14285714285714285,0.11538461538461539,0.1,0.03773584905660377,0.14814814814814814,0.0625,0.15555555555555556,0.11428571428571428,0.08928571428571429,0.034482758620689655,0.1,0.10526315789473684,0.13157894736842105,0.07317073170731707,0.045454545454545456
14,0.061224489795918366,0.09615384615384616,0.1,0.07547169811320754,0.07407407407407407,0.10416666666666667,0.1111111111111111,0.11428571428571428,0.08928571428571429,0.034482758620689655,0.05,0.10526315789473684,0.13157894736842105,0.12195121951219512,0.09090909090909091
15,0.10204081632653061,0.11538461538461539,0.1,0.1320754716981132,0.1111111111111111,0.08333333333333333,0.13333333333333333,0.08571428571428572,0.10714285714285714,0.06896551724137931,0.05,0.05263157894736842,0.10526315789473684,0.04878048780487805,0.09090909090909091
16,0.08163265306122448,0.07692307692307693,0.05,0.05660377358490566,0.09259259259259259,0.08333333333333333,0.08888888888888889,0.05714285714285714,0.05357142857142857,0.034482758620689655,0.05,0.05263157894736842,0.10526315789473684,0.04878048780487805,0.045454545454545456
17,0.08163265306122448,0.09615384615384616,0.075,0.07547169811320754,0.09259259259259259,0.10416666666666667,0.13333333333333333,0.11428571428571428,0.08928571428571429,0.06896551724137931,0.1,0.05263157894736842,0.07894736842105263,0.04878048780487805,0.045454545454545456
18,0.08163265306122448,0.09615384615384616,0.075,0.018867924528301886,0.1111111111111111,0.0625,0.13333333333333333,0.08571428571428572,0.08928571428571429,0.034482758620689655,0.05,0.05263157894736842,0.07894736842105263,0.024390243902439025,0.09090909090909091
19,0.04081632653061224,0.057692307692307696,0.025,0.03773584905660377,0.05555555555555555,0.0625,0.022222222222222223,0.08571428571428572,0.05357142857142857,0.034482758620689655,0.05,0.0,0.0,0.024390243902439025,0.045454545454545456
20,0.08163265306122448,0.07692307692307693,0.025,0.05660377358490566,0.07407407407407407,0.10416666666666667,0.06666666666666667,0.05714285714285714,0.05357142857142857,0.034482758620689655,0.1,0.0,0.02631578947368421,0.04878048780487805,0.0
21,0.04081632653061224,0.019230769230769232,0.025,0.03773584905660377,0.037037037037037035,0.041666666666666664,0.044444444444444446,0.0,0.03571428571428571,0.0,0.05,0.0,0.02631578947368421,0.024390243902439025,0.0
22,0.061224489795918366,0.038461538461538464,0.075,0.05660377358490566,0.09259259259259259,0.10416666666666667,0.06666666666666667,0.08571428571428572,0.05357142857142857,0.034482758620689655,0.0,0.05263157894736842,0.13157894736842105,0.07317073170731707,0.045454545454545456
23,0.10204081632653061,0.057692307692307696,0.05,0.09433962264150944,0.07407407407407407,0.041666666666666664,0.17777777777777778,0.08571428571428572,0.08928571428571429,0.034482758620689655,0.05,0.05263157894736842,0.13157894736842105,0.0975609756097561,0.045454545454545456
24,0.12244897959183673,0.09615384615384616,0.05,0.05660377358490566,0.09259259259259259,0.08333333333333333,0.2,0.02857142857142857,0.08928571428571429,0.034482758620689655,0.05,0.10526315789473684,0.05263157894736842,0.04878048780487805,0.045454545454545456
25,0.04081632653061224,0.038461538461538464,0.075,0.03773584905660377,0.037037037037037035,0.041666666666666664,0.06666666666666667,0.08571428571428572,0.03571428571428571,0.034482758620689655,0.05,0.05263157894736842,0.05263157894736842,0.024390243902439025,0.045454545454545456
26,0.02040816326530612,0.038461538461538464,0.025,0.05660377358490566,0.018518518518518517,0.0625,0.08888888888888889,0.02857142857142857,0.017857142857142856,0.06896551724137931,0.05,0.0,0.05263157894736842,0.024390243902439025,0.0
27,0.02040816326530612,0.019230769230769232,0.05,0.018867924528301886,0.0,0.0625,0.044444444444444446,0.05714285714285714,0.017857142857142856,0.0,0.05,0.0,0.05263157894736842,0.024390243902439025,0.045454545454545456
28,0.061224489795918366,0.038461538461538464,0.075,0.03773584905660377,0.018518518518518517,0.041666666666666664,0.1111111111111111,0.11428571428571428,0.07142857142857142,0.06896551724137931,0.05,0.05263157894736842,0.07894736842105263,0.024390243902439025,0.0
29,0.02040816326530612,0.019230769230769232,0.025,0.03773584905660377,0.018518518518518517,0.0,0.06666666666666667,0.08571428571428572,0.03571428571428571,0.06896551724137931,0.05,0.05263157894736842,0.05263157894736842,0.024390243902439025,0.045454545454545456
30,0.061224489795918366,0.038461538461538464,0.05,0.018867924528301886,0.05555555555555555,0.041666666666666664,0.08888888888888889,0.08571428571428572,0.03571428571428571,0.0,0.05,0.0,0.07894736842105263,0.0,0.045454545454545456
31,0.10204081632653061,0.038461538461538464,0.075,0.05660377358490566,0.1111111111111111,0.0625,0.08888888888888889,0.11428571428571428,0.07142857142857142,0.034482758620689655,0.1,0.05263157894736842,0.13157894736842105,0.07317073170731707,0.045454545454545456
32,0.08163265306122448,0.07692307692307693,0.1,0.05660377358490566,0.1111111111111111,0.10416666666666667,0.044444444444444446,0.08571428571428572,0.03571428571428571,0.034482758620689655,0.1,0.05263157894736842,0.13157894736842105,0.07317073170731707,0.0
33,0.08163265306122448,0.057692307692307696,0.1,0.03773584905660377,0.05555555555555555,0.0625,0.06666666666666667,0.11428571428571428,0.05357142857142857,0.034482758620689655,0.15,0.05263157894736842,0.21052631578947367,0.07317073170731707,0.09090909090909091
34,0.12244897959183673,0.07692307692307693,0.075,0.07547169811320754,0.1111111111111111,0.0625,0.13333333333333333,0.11428571428571428,0.10714285714285714,0.06896551724137931,0.1,0.15789473684210525,0.10526315789473684,0.024390243902439025,0.045454545454545456
35,0.10204081632653061,0.019230769230769232,0.075,0.03773584905660377,0.09259259259259259,0.020833333333333332,0.1111111111111111,0.05714285714285714,0.05357142857142857,0.10344827586206896,0.1,0.15789473684210525,0.15789473684210525,0.04878048780487805,0.09090909090909091
36,0.02040816326530612,0.019230769230769232,0.1,0.03773584905660377,0.018518518518518517,0.020833333333333332,0.06666666666666667,0.05714285714285714,0.03571428571428571,0.06896551724137931,0.1,0.05263157894736842,0.07894736842105263,0.04878048780487805,0.0
37,0.02040816326530612,0.0,0.0,0.03773584905660377,0.0,0.020833333333333332,0.044444444444444446,0.05714285714285714,0.017857142857142856,0.034482758620689655,0.05,0.05263157894736842,0.07894736842105263,0.04878048780487805,0.045454545454545456
38,0.061224489795918366,0.019230769230769232,0.05,0.05660377358490566,0.05555555555555555,0.041666666666666664,0.06666666666666667,0.11428571428571428,0.07142857142857142,0.034482758620689655,0.0,0.05263157894736842,0.10526315789473684,0.04878048780487805,0.045454545454545456
39,0.061224489795918366,0.038461538461538464,0.075,0.07547169811320754,0.05555555555555555,0.08333333333333333,0.13333333333333333,0.08571428571428572,0.08928571428571429,0.10344827586206896,0.1,0.10526315789473684,0.07894736842105263,0.12195121951219512,0.045454545454545456
40,0.10204081632653061,0.057692307692307696,0.075,0.03773584905660377,0.09259259259259259,0.0625,0.08888888888888889,0.05714285714285714,0.05357142857142857,0.06896551724137931,0.15,0.10526315789473684,0.07894736842105263,0.07317073170731707,0.045454545454545456
41,0.10204081632653061,0.09615384615384616,0.1,0.09433962264150944,0.09259259259259259,0.08333333333333333,0.15555555555555556,0.05714285714285714,0.08928571428571429,0.10344827586206896,0.1,0.10526315789473684,0.07894736842105263,0.07317073170731707,0.045454545454545456
42,0.10204081632653061,0.057692307692307696,0.075,0.03773584905660377,0.1111111111111111,0.0625,0.06666666666666667,0.02857142857142857,0.05357142857142857,0.10344827586206896,0.15,0.10526315789473684,0.07894736842105263,0.07317073170731707,0.045454545454545456
43,0.10204081632653061,0.07692307692307693,0.05,0.03773584905660377,0.09259259259259259,0.041666666666666664,0.08888888888888889,0.05714285714285714,0.05357142857142857,0.034482758620689655,0.05,0.0,0.05263157894736842,0.0975609756097561,0.045454545454545456
44,0.04081632653061224,0.057692307692307696,0.0,0.018867924528301886,0.07407407407407407,0.0625,0.08888888888888889,0.05714285714285714,0.05357142857142857,0.034482758620689655,0.2,0.0,0.07894736842105263,0.024390243902439025,0.09090909090909091
45,0.04081632653061224,0.057692307692307696,0.075,0.07547169811320754,0.037037037037037035,0.0625,0.1111111111111111,0.08571428571428572,0.07142857142857142,0.06896551724137931,0.05,0.05263157894736842,0.02631578947368421,0.0975609756097561,0.045454545454545456
46,0.08163265306122448,0.038461538461538464,0.075,0.05660377358490566,0.05555555555555555,0.10416666666666667,0.1111111111111111,0.08571428571428572,0.03571428571428571,0.034482758620689655,0.05,0.0,0.07894736842105263,0.04878048780487805,0.0
47,0.02040816326530612,0.019230769230769232,0.05,0.03773584905660377,0.05555555555555555,0.08333333333333333,0.06666666666666667,0.08571428571428572,0.07142857142857142,0.034482758620689655,0.05,0.0,0.05263157894736842,0.04878048780487805,0.045454545454545456
48,0.08163265306122448,0.057692307692307696,0.1,0.07547169811320754,0.09259259259259259,0.08333333333333333,0.1111111111111111,0.11428571428571428,0.07142857142857142,0.10344827586206896,0.05,0.05263157894736842,0.07894736842105263,0.12195121951219512,0.045454545454545456
49,0.10204081632653061,0.038461538461538464,0.025,0.03773584905660377,0.09259259259259259,0.0625,0.044444444444444446,0.05714285714285714,0.07142857142857142,0.06896551724137931,0.05,0.0,0.02631578947368421,0.07317073170731707,0.0
50,0.04081632653061224,0.038461538461538464,0.0,0.018867924528301886,0.037037037037037035,0.0625,0.06666666666666667,0.02857142857142857,0.017857142857142856,0.0,0.0,0.0,0.0,0.024390243902439025,0.0
51,0.061224489795918366,0.038461538461538464,0.025,0.0,0.09259259259259259,0.0625,0.044444444444444446,0.0,0.05357142857142857,0.0,0.0,0.0,0.02631578947368421,0.024390243902439025,0.0
52,0.061224489795918366,0.038461538461538464,0.05,0.05660377358490566,0.0,0.020833333333333332,0.08888888888888889,0.08571428571428572,0.03571428571428571,0.034482758620689655,0.0,0.05263157894736842,0.07894736842105263,0.07317073170731707,0.0
53,0.04081632653061224,0.09615384615384616,0.1,0.018867924528301886,0.037037037037037035,0.041666666666666664,0.06666666666666667,0.05714285714285714,0.05357142857142857,0.06896551724137931,0.05,0.0,0.02631578947368421,0.07317073170731707,0.0
54,0.04081632653061224,0.019230769230769232,0.05,0.05660377358490566,0.037037037037037035,0.0625,0.08888888888888889,0.02857142857142857,0.05357142857142857,0.06896551724137931,0.1,0.0,0.05263157894736842,0.024390243902439025,0.045454545454545456
55,0.04081632653061224,0.019230769230769232,0.025,0.018867924528301886,0.05555555555555555,0.041666666666666664,0.06666666666666667,0.05714285714285714,0.017857142857142856,0.06896551724137931,0.0,0.0,0.05263157894736842,0.0,0.045454545454545456
56,0.061224489795918366,0.057692307692307696,0.05,0.03773584905660377,0.05555555555555555,0.020833333333333332,0.08888888888888889,0.08571428571428572,0.05357142857142857,0.034482758620689655,0.0,0.0,0.10526315789473684,0.04878048780487805,0.045454545454545456
57,0.08163265306122448,0.038461538461538464,0.0,0.018867924528301886,0.05555555555555555,0.020833333333333332,0.06666666666666667,0.02857142857142857,0.03571428571428571,0.034482758620689655,0.0,0.0,0.02631578947368421,0.04878048780487805,0.045454545454545456
58,0.061224489795918366,0.038461538461538464,0.05,0.05660377358490566,0.05555555555555555,0.0,0.13333333333333333,0.0,0.0,0.0,0.0,0.0,0.02631578947368421,0.07317073170731707,0.0
59,0.04081632653061224,0.057692307692307696,0.05,0.07547169811320754,0.07407407407407407,0.08333333333333333,0.08888888888888889,0.0,0.07142857142857142,0.06896551724137931,0.1,0.10526315789473684,0.02631578947368421,0.04878048780487805,0.0
60,0.04081632653061224,0.019230769230769232,0.025,0.018867924528301886,0.037037037037037035,0.041666666666666664,0.022222222222222223,0.0,0.03571428571428571,0.034482758620689655,0.05,0.05263157894736842,0.05263157894736842,0.024390243902439025,0.0
61,0.04081632653061224,0.019230769230769232,0.0,0.0,0.037037037037037035,0.0625,0.022222222222222223,0.05714285714285714,0.03571428571428571,0.034482758620689655,0.0,0.0,0.10526315789473684,0.04878048780487805,0.045454545454545456
62,0.0,0.0,0.0,0.0,0.0,0.0,0.022222222222222223,0.02857142857142857,0.0,0.0,0.0,0.0,0.05263157894736842,0.04878048780487805,0.0
63,0.02040816326530612,0.0,0.025,0.03773584905660377,0.018518518518518517,0.0,0.022222222222222223,0.02857142857142857,0.03571428571428571,0.06896551724137931,0.0,0.05263157894736842,0.07894736842105263,0.04878048780487805,0.0
64,0.04081632653061224,0.019230769230769232,0.025,0.018867924528301886,0.037037037037037035,0.0625,0.022222222222222223,0.05714285714285714,0.03571428571428571,0.034482758620689655,0.05,0.0,0.02631578947368421,0.07317073170731707,0.0
65,0.0,0.0,0.0,0.0,0.0,0.0,0.022222222222222223,0.0,0.0,0.034482758620689655,0.0,0.05263157894736842,0.0,0.024390243902439025,0.0
66,0.04081632653061224,0.019230769230769232,0.05,0.0,0.05555555555555555,0.041666666666666664,0.06666666666666667,0.0,0.017857142857142856,0.0,0.05,0.0,0.10526315789473684,0.04878048780487805,0.045454545454545456
67,0.02040816326530612,0.019230769230769232,0.05,0.03773584905660377,0.05555555555555555,0.0625,0.1111111111111111,0.02857142857142857,0.05357142857142857,0.06896551724137931,0.05,0.0,0.05263157894736842,0.024390243902439025,0.0
68,0.061224489795918366,0.07692307692307693,0.05,0.07547169811320754,0.07407407407407407,0.10416666666666667,0.1111111111111111,0.08571428571428572,0.08928571428571429,0.13793103448275862,0.05,0.0,0.10526315789473684,0.04878048780487805,0.09090909090909091
69,0.04081632653061224,0.057692307692307696,0.1,0.11320754716981132,0.037037037037037035,0.08333333333333333,0.15555555555555556,0.08571428571428572,0.07142857142857142,0.034482758620689655,0.05,0.0,0.10526315789473684,0.024390243902439025,0.0
70,0.061224489795918366,0.057692307692307696,0.075,0.03773584905660377,0.07407407407407407,0.0625,0.1111111111111111,0.11428571428571428,0.08928571428571429,0.10344827586206896,0.05,0.0,0.07894736842105263,0.04878048780487805,0.09090909090909091
71,0.061224489795918366,0.019230769230769232,0.05,0.03773584905660377,0.05555555555555555,0.020833333333333332,0.08888888888888889,0.05714285714285714,0.017857142857142856,0.034482758620689655,0.05,0.05263157894736842,0.05263157894736842,0.024390243902439025,0.0
72,0.04081632653061224,0.038461538461538464,0.075,0.05660377358490566,0.037037037037037035,0.020833333333333332,0.08888888888888889,0.02857142857142857,0.03571428571428571,0.10344827586206896,0.05,0.05263157894736842,0.07894736842105263,0.04878048780487805,0.045454545454545456
73,0.061224489795918366,0.038461538461538464,0.05,0.018867924528301886,0.05555555555555555,0.10416666666666667,0.1111111111111111,0.02857142857142857,0.03571428571428571,0.06896551724137931,0.05,0.05263157894736842,0.05263157894736842,0.024390243902439025,0.0
74,0.02040816326530612,0.0,0.05,0.03773584905660377,0.018518518518518517,0.08333333333333333,0.08888888888888889,0.05714285714285714,0.03571428571428571,0.06896551724137931,0.1,0.0,0.02631578947368421,0.04878048780487805,0.0
75,0.04081632653061224,0.0,0.0,0.018867924528301886,0.037037037037037035,0.10416666666666667,0.06666666666666667,0.02857142857142857,0.017857142857142856,0.06896551724137931,0.05,0.0,0.0,0.07317073170731707,0.0
76,0.04081632653061224,0.038461538461538464,0.025,0.0,0.037037037037037035,0.041666666666666664,0.06666666666666667,0.02857142857142857,0.0,0.0,0.05,0.0,0.05263157894736842,0.024390243902439025,0.0
77,0.04081632653061224,0.057692307692307696,0.0,0.05660377358490566,0.09259259259259259,0.041666666666666664,0.08888888888888889,0.0,0.07142857142857142,0.0,0.0,0.05263157894736842,0.05263157894736842,0.024390243902439025,0.045454545454545456
78,0.04081632653061224,0.038461538461538464,0.025,0.05660377358490566,0.09259259259259259,0.0625,0.15555555555555556,0.0,0.08928571428571429,0.0,0.0,0.0,0.02631578947368421,0.04878048780487805,0.09090909090909091
79,0.061224489795918366,0.057692307692307696,0.025,0.03773584905660377,0.05555555555555555,0.020833333333333332,0.08888888888888889,0.0,0.03571428571428571,0.0,0.0,0.0,0.02631578947368421,0.04878048780487805,0.045454545454545456
80,0.02040816326530612,0.019230769230769232,0.05,0.018867924528301886,0.037037037037037035,0.0625,0.044444444444444446,0.05714285714285714,0.03571428571428571,0.0,0.0,0.0,0.0,0.0,0.0
81,0.04081632653061224,0.038461538461538464,0.05,0.03773584905660377,0.037037037037037035,0.020833333333333332,0.06666666666666667,0.05714285714285714,0.07142857142857142,0.0,0.0,0.05263157894736842,0.02631578947368421,0.0,0.0
82,0.12244897959183673,0.057692307692307696,0.125,0.0,0.12962962962962962,0.0625,0.13333333333333333,0.08571428571428572,0.07142857142857142,0.0,0.0,0.05263157894736842,0.10526315789473684,0.024390243902439025,0.13636363636363635
83,0.04081632653061224,0.0,0.05,0.0,0.0,0.020833333333333332,0.044444444444444446,0.05714285714285714,0.03571428571428571,0.0,0.05,0.05263157894736842,0.05263157894736842,0.0,0.045454545454545456
84,0.061224489795918366,0.0,0.0,0.018867924528301886,0.09259259259259259,0.041666666666666664,0.044444444444444446,0.02857142857142857,0.017857142857142856,0.0,0.0,0.0,0.02631578947368421,0.024390243902439025,0.0
85,0.0,0.019230769230769232,0.025,0.018867924528301886,0.037037037037037035,0.0,0.044444444444444446,0.0,0.017857142857142856,0.0,0.0,0.0,0.02631578947368421,0.0,0.0
86,0.0,0.0,0.0,0.0,0.0,0.020833333333333332,0.0,0.0,0.017857142857142856,0.034482758620689655,0.0,0.0,0.0,0.0,0.0
87,0.04081632653061224,0.038461538461538464,0.05,0.05660377358490566,0.037037037037037035,0.020833333333333332,0.08888888888888889,0.0,0.05357142857142857,0.0,0.0,0.05263157894736842,0.05263157894736842,0.0,0.0
88,0.061224489795918366,0.019230769230769232,0.05,0.018867924528301886,0.05555555555555555,0.041666666666666664,0.06666666666666667,0.02857142857142857,0.05357142857142857,0.034482758620689655,0.0,0.0,0.02631578947368421,0.024390243902439025,0.0
89,0.12244897959183673,0.038461538461538464,0.05,0.018867924528301886,0.07407407407407407,0.020833333333333332,0.06666666666666667,0.02857142857142857,0.07142857142857142,0.0,0.0,0.0,0.02631578947368421,0.07317073170731707,0.0
90,0.04081632653061224,0.038461538461538464,0.075,0.018867924528301886,0.037037037037037035,0.0625,0.1111111111111111,0.02857142857142857,0.05357142857142857,0.0,0.05,0.0,0.02631578947368421,0.04878048780487805,0.0
91,0.061224489795918366,0.038461538461538464,0.075,0.03773584905660377,0.05555555555555555,0.0625,0.08888888888888889,0.02857142857142857,0.07142857142857142,0.0,0.05,0.0,0.02631578947368421,0.04878048780487805,0.0
92,0.08163265306122448,0.07692307692307693,0.1,0.03773584905660377,0.09259259259259259,0.10416666666666667,0.08888888888888889,0.05714285714285714,0.07142857142857142,0.0,0.0,0.0,0.07894736842105263,0.024390243902439025,0.09090909090909091
93,0.04081632653061224,0.038461538461538464,0.0,0.03773584905660377,0.05555555555555555,0.041666666666666664,0.06666666666666667,0.0,0.03571428571428571,0.034482758620689655,0.0,0.05263157894736842,0.05263157894736842,0.024390243902439025,0.0
94,0.04081632653061224,0.057692307692307696,0.075,0.03773584905660377,0.037037037037037035,0.020833333333333332,0.08888888888888889,0.02857142857142857,0.05357142857142857,0.034482758620689655,0.0,0.05263157894736842,0.07894736842105263,0.024390243902439025,0.0
95,0.02040816326530612,0.019230769230769232,0.025,0.05660377358490566,0.07407407407407407,0.020833333333333332,0.06666666666666667,0.02857142857142857,0.017857142857142856,0.0,0.0,0.0,0.0,0.024390243902439025,0.0
96,0.04081632653061224,0.038461538461538464,0.0,0.018867924528301886,0.09259259259259259,0.0625,0.022222222222222223,0.0,0.05357142857142857,0.0,0.0,0.0,0.05263157894736842,0.0,0.0
97,0.04081632653061224,0.038461538461538464,0.025,0.0,0.037037037037037035,0.0625,0.044444444444444446,0.05714285714285714,0.05357142857142857,0.06896551724137931,0.1,0.05263157894736842,0.07894736842105263,0.024390243902439025,0.0
98,0.10204081632653061,0.057692307692307696,0.05,0.09433962264150944,0.1111111111111111,0.10416666666666667,0.06666666666666667,0.02857142857142857,0.07142857142857142,0.034482758620689655,0.1,0.05263157894736842,0.10526315789473684,0.04878048780487805,0.0
99,0.02040816326530612,0.07692307692307693,0.025,0.018867924528301886,0.037037037037037035,0.041666666666666664,0.044444444444444446,0.0,0.03571428571428571,0.06896551724137931,0.1,0.05263157894736842,0.07894736842105263,0.07317073170731707,0.0
100,0.08163265306122448,0.07692307692307693,0.075,0.03773584905660377,0.07407407407407407,0.14583333333333334,0.17777777777777778,0.08571428571428572,0.08928571428571429,0.0,0.15,0.0,0.07894736842105263,0.0975609756097561,0.0
101,0.04081632653061224,0.038461538461538464,0.1,0.05660377358490566,0.07407407407407407,0.125,0.08888888888888889,0.02857142857142857,0.08928571428571429,0.034482758620689655,0.05,0.05263157894736842,0.13157894736842105,0.07317073170731707,0.09090909090909091
102,0.10204081632653061,0.11538461538461539,0.1,0.07547169811320754,0.07407407407407407,0.125,0.13333333333333333,0.08571428571428572,0.10714285714285714,0.06896551724137931,0.0,0.05263157894736842,0.10526315789473684,0.0975609756097561,0.045454545454545456
103,0.08163265306122448,0.11538461538461539,0.05,0.09433962264150944,0.09259259259259259,0.16666666666666666,0.17777777777777778,0.05714285714285714,0.08928571428571429,0.034482758620689655,0.05,0.05263157894736842,0.07894736842105263,0.0975609756097561,0.0
104,0.08163265306122448,0.09615384615384616,0.025,0.03773584905660377,0.09259259259259259,0.16666666666666666,0.15555555555555556,0.17142857142857143,0.08928571428571429,0.06896551724137931,0.0,0.05263157894736842,0.13157894736842105,0.07317073170731707,0.09090909090909091
105,0.14285714285714285,0.09615384615384616,0.1,0.1320754716981132,0.1111111111111111,0.10416666666666667,0.24444444444444444,0.02857142857142857,0.14285714285714285,0.06896551724137931,0.15,0.05263157894736842,0.05263157894736842,0.14634146341463414,0.0
106,0.061224489795918366,0.07692307692307693,0.025,0.05660377358490566,0.07407407407407407,0.10416666666666667,0.13333333333333333,0.05714285714285714,0.125,0.034482758620689655,0.1,0.0,0.02631578947368421,0.0975609756097561,0.09090909090909091
107,0.061224489795918366,0.038461538461538464,0.025,0.03773584905660377,0.05555555555555555,0.0625,0.044444444444444446,0.05714285714285714,0.07142857142857142,0.034482758620689655,0.0,0.05263157894736842,0.10526315789473684,0.024390243902439025,0.045454545454545456
108,0.04081632653061224,0.019230769230769232,0.025,0.03773584905660377,0.018518518518518517,0.041666666666666664,0.08888888888888889,0.08571428571428572,0.03571428571428571,0.034482758620689655,0.0,0.05263157894736842,0.05263157894736842,0.024390243902439025,0.0
109,0.04081632653061224,0.038461538461538464,0.0,0.05660377358490566,0.05555555555555555,0.020833333333333332,0.08888888888888889,0.02857142857142857,0.05357142857142857,0.0,0.1,0.05263157894736842,0.07894736842105263,0.024390243902439025,0.0
110,0.08163265306122448,0.019230769230769232,0.1,0.07547169811320754,0.07407407407407407,0.041666666666666664,0.15555555555555556,0.08571428571428572,0.07142857142857142,0.06896551724137931,0.05,0.10526315789473684,0.15789473684210525,0.024390243902439025,0.0
111,0.10204081632653061,0.07692307692307693,0.05,0.018867924528301886,0.09259259259259259,0.020833333333333332,0.08888888888888889,0.08571428571428572,0.10714285714285714,0.13793103448275862,0.1,0.05263157894736842,0.15789473684210525,0.07317073170731707,0.045454545454545456
112,0.02040816326530612,0.038461538461538464,0.025,0.0,0.018518518518518517,0.0625,0.08888888888888889,0.02857142857142857,0.03571428571428571,0.10344827586206896,0.05,0.0,0.02631578947368421,0.024390243902439025,0.0
113,0.061224489795918366,0.019230769230769232,0.025,0.018867924528301886,0.018518518518518517,0.041666666666666664,0.08888888888888889,0.02857142857142857,0.017857142857142856,0.0,0.0,0.0,0.02631578947368421,0.024390243902439025,0.045454545454545456
114,0.02040816326530612,0.019230769230769232,0.025,0.018867924528301886,0.018518518518518517,0.0,0.06666666666666667,0.05714285714285714,0.03571428571428571,0.034482758620689655,0.0,0.05263157894736842,0.05263157894736842,0.024390243902439025,0.045454545454545456
115,0.04081632653061224,0.038461538461538464,0.075,0.018867924528301886,0.05555555555555555,0.020833333333333332,0.13333333333333333,0.02857142857142857,0.03571428571428571,0.034482758620689655,0.0,0.05263157894736842,0.05263157894736842,0.0,0.045454545454545456
116,0.02040816326530612,0.038461538461538464,0.05,0.018867924528301886,0.018518518518518517,0.020833333333333332,0.044444444444444446,0.0,0.03571428571428571,0.0,0.0,0.0,0.02631578947368421,0.0,0.0
117,0.061224489795918366,0.07692307692307693,0.025,0.07547169811320754,0.09259259259259259,0.0625,0.08888888888888889,0.05714285714285714,0.10714285714285714,0.034482758620689655,0.05,0.0,0.05263157894736842,0.024390243902439025,0.0
118,0.12244897959183673,0.07692307692307693,0.075,0.018867924528301886,0.12962962962962962,0.08333333333333333,0.17777777777777778,0.05714285714285714,0.07142857142857142,0.034482758620689655,0.05,0.0,0.07894736842105263,0.07317073170731707,0.045454545454545456
119,0.02040816326530612,0.038461538461538464,0.075,0.05660377358490566,0.07407407407407407,0.10416666666666667,0.15555555555555556,0.0,0.05357142857142857,0.0,0.0,0.0,0.05263157894736842,0.04878048780487805,0.0
120,0.04081632653061224,0.11538461538461539,0.05,0.03773584905660377,0.05555555555555555,0.0625,0.06666666666666667,0.08571428571428572,0.07142857142857142,0.034482758620689655,0.05,0.0,0.07894736842105263,0.024390243902439025,0.0
121,0.08163265306122448,0.057692307692307696,0.025,0.05660377358490566,0.07407407407407407,0.08333333333333333,0.1111111111111111,0.11428571428571428,0.125,0.10344827586206896,0.05,0.05263157894736842,0.10526315789473684,0.0975609756097561,0.0
122,0.08163265306122448,0.11538461538461539,0.075,0.1509433962264151,0.12962962962962962,0.10416666666666667,0.13333333333333333,0.08571428571428572,0.07142857142857142,0.10344827586206896,0.1,0.10526315789473684,0.05263157894736842,0.12195121951219512,0.09090909090909091
123,0.04081632653061224,0.057692307692307696,0.05,0.1320754716981132,0.09259259259259259,0.08333333333333333,0.1111111111111111,0.05714285714285714,0.08928571428571429,0.06896551724137931,0.0,0.05263157894736842,0.10526315789473684,0.07317073170731707,0.0
124,0.061224489795918366,0.09615384615384616,0.025,0.03773584905660377,0.09259259259259259,0.14583333333333334,0.13333333333333333,0.02857142857142857,0.08928571428571429,0.034482758620689655,0.05,0.0,0.07894736842105263,0.04878048780487805,0.045454545454545456
125,0.08163265306122448,0.019230769230769232,0.1,0.07547169811320754,0.05555555555555555,0.020833333333333332,0.13333333333333333,0.02857142857142857,0.07142857142857142,0.06896551724137931,0.05,0.0,0.13157894736842105,0.024390243902439025,0.13636363636363635
126,0.061224489795918366,0.019230769230769232,0.05,0.09433962264150944,0.07407407407407407,0.041666666666666664,0.2,0.17142857142857143,0.08928571428571429,0.06896551724137931,0.05,0.05263157894736842,0.15789473684210525,0.04878048780487805,0.09090909090909091
127,0.14285714285714285,0.07692307692307693,0.125,0.11320754716981132,0.18518518518518517,0.14583333333333334,0.24444444444444444,0.14285714285714285,0.10714285714285714,0.13793103448275862,0.0,0.10526315789473684,0.15789473684210525,0.0975609756097561,0.13636363636363635
128,0.08163265306122448,0.1346153846153846,0.075,0.16981132075471697,0.12962962962962962,0.125,0.2,0.17142857142857143,0.125,0.10344827586206896,0.0,0.05263157894736842,0.13157894736842105,0.14634146341463414,0.0
129,0.10204081632653061,0.057692307692307696,0.05,0.1320754716981132,0.09259259259259259,0.125,0.2,0.02857142857142857,0.10714285714285714,0.034482758620689655,0.0,0.10526315789473684,0.05263157894736842,0.04878048780487805,0.045454545454545456
130,0.14285714285714285,0.09615384615384616,0.175,0.09433962264150944,0.16666666666666666,0.08333333333333333,0.17777777777777778,0.14285714285714285,0.16071428571428573,0.06896551724137931,0.1,0.10526315789473684,0.23684210526315788,0.14634146341463414,0.0
131,0.061224489795918366,0.07692307692307693,0.1,0.1320754716981132,0.1111111111111111,0.125,0.3333333333333333,0.08571428571428572,0.08928571428571429,0.20689655172413793,0.1,0.15789473684210525,0.10526315789473684,0.12195121951219512,0.13636363636363635
132,0.14285714285714285,0.1346153846153846,0.1,0.16981132075471697,0.14814814814814814,0.14583333333333334,0.35555555555555557,0.2,0.19642857142857142,0.10344827586206896,0.1,0.05263157894736842,0.2631578947368421,0.17073170731707318,0.18181818181818182
133,0.20408163265306123,0.15384615384615385,0.15,0.18867924528301888,0.16666666666666666,0.20833333333333334,0.3111111111111111,0.22857142857142856,0.2857142857142857,0.1724137931034483,0.1,0.21052631578947367,0.21052631578947367,0.17073170731707318,0.18181818181818182
134,0.16326530612244897,0.19230769230769232,0.1,0.1509433962264151,0.2037037037037037,0.1875,0.24444444444444444,0.17142857142857143,0.21428571428571427,0.10344827586206896,0.1,0.21052631578947367,0.2894736842105263,0.12195121951219512,0.045454545454545456
135,0.12244897959183673,0.09615384615384616,0.05,0.16981132075471697,0.12962962962962962,0.16666666666666666,0.08888888888888889,0.14285714285714285,0.14285714285714285,0.1724137931034483,0.1,0.05263157894736842,0.2631578947368421,0.0975609756097561,0.09090909090909091
136,0.16326530612244897,0.11538461538461539,0.1,0.11320754716981132,0.14814814814814814,0.20833333333333334,0.15555555555555556,0.17142857142857143,0.21428571428571427,0.10344827586206896,0.05,0.15789473684210525,0.15789473684210525,0.14634146341463414,0.18181818181818182
137,0.14285714285714285,0.15384615384615385,0.2,0.18867924528301888,0.16666666666666666,0.125,0.2222222222222222,0.14285714285714285,0.10714285714285714,0.20689655172413793,0.05,0.05263157894736842,0.13157894736842105,0.07317073170731707,0.09090909090909091
138,0.22448979591836735,0.23076923076923078,0.15,0.20754716981132076,0.2777777777777778,0.1875,0.3111111111111111,0.14285714285714285,0.19642857142857142,0.27586206896551724,0.2,0.15789473684210525,0.21052631578947367,0.24390243902439024,0.0
139,0.22448979591836735,0.21153846153846154,0.225,0.09433962264150944,0.2962962962962963,0.25,0.26666666666666666,0.14285714285714285,0.23214285714285715,0.1724137931034483,0.15,0.10526315789473684,0.21052631578947367,0.21951219512195122,0.0
140,0.12244897959183673,0.19230769230769232,0.125,0.1509433962264151,0.16666666666666666,0.22916666666666666,0.15555555555555556,0.17142857142857143,0.16071428571428573,0.20689655172413793,0.15,0.10526315789473684,0.15789473684210525,0.0975609756097561,0.045454545454545456
141,0.10204081632653061,0.1346153846153846,0.175,0.05660377358490566,0.1111111111111111,0.16666666666666666,0.15555555555555556,0.17142857142857143,0.10714285714285714,0.1724137931034483,0.1,0.15789473684210525,0.15789473684210525,0.12195121951219512,0.09090909090909091
142,0.20408163265306123,0.15384615384615385,0.1,0.11320754716981132,0.2037037037037037,0.20833333333333334,0.2,0.17142857142857143,0.16071428571428573,0.1724137931034483,0.1,0.15789473684210525,0.2894736842105263,0.17073170731707318,0.2727272727272727
143,0.10204081632653061,0.15384615384615385,0.1,0.20754716981132076,0.1111111111111111,0.1875,0.24444444444444444,0.17142857142857143,0.17857142857142858,0.13793103448275862,0.25,0.05263157894736842,0.21052631578947367,0.07317073170731707,0.18181818181818182
144,0.16326530612244897,0.19230769230769232,0.25,0.22641509433962265,0.24074074074074073,0.22916666666666666,0.28888888888888886,0.2571428571428571,0.21428571428571427,0.2413793103448276,0.15,0.15789473684210525,0.3157894736842105,0.21951219512195122,0.13636363636363635
145,0.2653061224489796,0.11538461538461539,0.25,0.2641509433962264,0.25925925925925924,0.2708333333333333,0.3111111111111111,0.37142857142857144,0.21428571428571427,0.3103448275862069,0.25,0.15789473684210525,0.21052631578947367,0.2682926829268293,0.18181818181818182
146,0.22448979591836735,0.1346153846153846,0.2,0.20754716981132076,0.24074074074074073,0.2708333333333333,0.3333333333333333,0.3142857142857143,0.19642857142857142,0.2413793103448276,0.1,0.05263157894736842,0.23684210526315788,0.3170731707317073,0.18181818181818182
147,0.32653061224489793,0.17307692307692307,0.275,0.32075471698113206,0.3148148148148148,0.3125,0.28888888888888886,0.3142857142857143,0.23214285714285715,0.3103448275862069,0.15,0.10526315789473684,0.3157894736842105,0.2682926829268293,0.22727272727272727
148,0.20408163265306123,0.19230769230769232,0.2,0.18867924528301888,0.2037037037037037,0.2708333333333333,0.3111111111111111,0.2857142857142857,0.21428571428571427,0.27586206896551724,0.15,0.10526315789473684,0.3684210526315789,0.21951219512195122,0.09090909090909091
149,0.1836734693877551,0.21153846153846154,0.15,0.1509433962264151,0.16666666666666666,0.16666666666666666,0.26666666666666666,0.2571428571428571,0.21428571428571427,0.2413793103448276,0.1,0.2631578947368421,0.23684210526315788,0.07317073170731707,0.045454545454545456
150,0.24489795918367346,0.1346153846153846,0.25,0.18867924528301888,0.24074074074074073,0.20833333333333334,0.3333333333333333,0.22857142857142856,0.19642857142857142,0.1724137931034483,0.1,0.10526315789473684,0.3157894736842105,0.12195121951219512,0.045454545454545456
151,0.24489795918367346,0.21153846153846154,0.175,0.24528301886792453,0.18518518518518517,0.1875,0.2222222222222222,0.17142857142857143,0.14285714285714285,0.13793103448275862,0.15,0.0,0.2631578947368421,0.12195121951219512,0.18181818181818182
152,0.1836734693877551,0.11538461538461539,0.2,0.16981132075471697,0.2037037037037037,0.14583333333333334,0.24444444444444444,0.22857142857142856,0.17857142857142858,0.20689655172413793,0.2,0.05263157894736842,0.18421052631578946,0.1951219512195122,0.18181818181818182
153,0.1836734693877551,0.21153846153846154,0.15,0.20754716981132076,0.24074074074074073,0.16666666666666666,0.2222222222222222,0.2,0.19642857142857142,0.10344827586206896,0.15,0.05263157894736842,0.2631578947368421,0.04878048780487805,0.09090909090909091
154,0.2653061224489796,0.28846153846153844,0.225,0.33962264150943394,0.3148148148148148,0.2708333333333333,0.24444444444444444,0.2571428571428571,0.30357142857142855,0.2413793103448276,0.15,0.15789473684210525,0.10526315789473684,0.1951219512195122,0.09090909090909091
155,0.2653061224489796,0.23076923076923078,0.25,0.22641509433962265,0.2777777777777778,0.25,0.2,0.2,0.2857142857142857,0.2413793103448276,0.15,0.3684210526315789,0.2894736842105263,0.14634146341463414,0.3181818181818182
156,0.2653061224489796,0.25,0.125,0.2830188679245283,0.24074074074074073,0.20833333333333334,0.2,0.11428571428571428,0.23214285714285715,0.27586206896551724,0.1,0.15789473684210525,0.15789473684210525,0.12195121951219512,0.18181818181818182
157,0.24489795918367346,0.15384615384615385,0.275,0.2830188679245283,0.3333333333333333,0.16666666666666666,0.28888888888888886,0.2571428571428571,0.25,0.2413793103448276,0.2,0.2631578947368421,0.39473684210526316,0.21951219512195122,0.18181818181818182
158,0.3673469387755102,0.3269230769230769,0.45,0.4339622641509434,0.4074074074074074,0.3125,0.5111111111111111,0.4,0.4107142857142857,0.3448275862068966,0.45,0.21052631578947367,0.5,0.4146341463414634,0.36363636363636365
159,0.3877551020408163,0.3269230769230769,0.3,0.32075471698113206,0.42592592592592593,0.3958333333333333,0.5777777777777777,0.42857142857142855,0.42857142857142855,0.4482758620689655,0.45,0.21052631578947367,0.47368421052631576,0.36585365853658536,0.2727272727272727
160,0.40816326530612246,0.40384615384615385,0.425,0.4339622641509434,0.3888888888888889,0.375,0.5333333333333333,0.34285714285714286,0.44642857142857145,0.5172413793103449,0.45,0.2631578947368421,0.4473684210526316,0.3170731707317073,0.36363636363636365
161,0.3673469387755102,0.3076923076923077,0.4,0.3584905660377358,0.4444444444444444,0.2916666666666667,0.4222222222222222,0.34285714285714286,0.375,0.3793103448275862,0.35,0.2631578947368421,0.5,0.4146341463414634,0.36363636363636365
162,0.3877551020408163,0.36538461538461536,0.475,0.41509433962264153,0.3888888888888889,0.3541666666666667,0.4222222222222222,0.42857142857142855,0.35714285714285715,0.41379310344827586,0.3,0.42105263157894735,0.5,0.5121951219512195,0.2727272727272727
163,0.2857142857142857,0.28846153846153844,0.175,0.32075471698113206,0.3148148148148148,0.2916666666666667,0.4,0.3142857142857143,0.3392857142857143,0.3103448275862069,0.35,0.2631578947368421,0.3157894736842105,0.34146341463414637,0.36363636363636365
164,0.30612244897959184,0.2692307692307692,0.375,0.39622641509433965,0.35185185185185186,0.2708333333333333,0.26666666666666666,0.37142857142857144,0.4107142857142857,0.5517241379310345,0.3,0.42105263157894735,0.42105263157894735,0.2926829268292683,0.45454545454545453
165,0.3469387755102041,0.40384615384615385,0.425,0.39622641509433965,0.42592592592592593,0.4375,0.4,0.34285714285714286,0.4642857142857143,0.4827586206896552,0.5,0.3157894736842105,0.5,0.2926829268292683,0.45454545454545453
166,0.32653061224489793,0.21153846153846154,0.375,0.39622641509433965,0.35185185185185186,0.22916666666666666,0.28888888888888886,0.34285714285714286,0.32142857142857145,0.3793103448275862,0.45,0.42105263157894735,0.3157894736842105,0.34146341463414637,0.36363636363636365
167,0.32653061224489793,0.34615384615384615,0.425,0.3584905660377358,0.42592592592592593,0.3125,0.37777777777777777,0.4,0.39285714285714285,0.3103448275862069,0.15,0.5263157894736842,0.39473684210526316,0.34146341463414637,0.36363636363636365
168,0.3469387755102041,0.3269230769230769,0.35,0.39622641509433965,0.35185185185185186,0.3333333333333333,0.3111111111111111,0.37142857142857144,0.375,0.3793103448275862,0.25,0.3157894736842105,0.39473684210526316,0.43902439024390244,0.2727272727272727
169,0.46938775510204084,0.38461538461538464,0.45,0.37735849056603776,0.46296296296296297,0.3333333333333333,0.26666666666666666,0.4857142857142857,0.5178571428571429,0.5517241379310345,0.3,0.2631578947368421,0.39473684210526316,0.34146341463414637,0.22727272727272727
170,0.42857142857142855,0.40384615384615385,0.35,0.5094339622641509,0.42592592592592593,0.4583333333333333,0.35555555555555557,0.6,0.375,0.5172413793103449,0.55,0.42105263157894735,0.5263157894736842,0.4634146341463415,0.5
171,0.3673469387755102,0.46153846153846156,0.375,0.4339622641509434,0.3888888888888889,0.4166666666666667,0.4222222222222222,0.5428571428571428,0.4642857142857143,0.5172413793103449,0.35,0.3157894736842105,0.5,0.4634146341463415,0.13636363636363635
172,0.46938775510204084,0.38461538461538464,0.475,0.49056603773584906,0.4444444444444444,0.4791666666666667,0.4666666666666667,0.6,0.4642857142857143,0.41379310344827586,0.4,0.3684210526315789,0.6578947368421053,0.5365853658536586,0.5
173,0.5510204081632653,0.4230769230769231,0.525,0.5471698113207547,0.5,0.4791666666666667,0.4888888888888889,0.5714285714285714,0.5357142857142857,0.4482758620689655,0.55,0.3157894736842105,0.6052631578947368,0.4634146341463415,0.45454545454545453
174,0.4897959183673469,0.4423076923076923,0.425,0.4339622641509434,0.48148148148148145,0.4791666666666667,0.4666666666666667,0.6,0.5,0.3448275862068966,0.45,0.42105263157894735,0.5263157894736842,0.4634146341463415,0.45454545454545453
175,0.4897959183673469,0.4230769230769231,0.475,0.4528301886792453,0.5555555555555556,0.5,0.4666666666666667,0.5428571428571428,0.5535714285714286,0.4827586206896552,0.3,0.3684210526315789,0.42105263157894735,0.5365853658536586,0.5454545454545454
176,0.4897959183673469,0.40384615384615385,0.425,0.6037735849056604,0.5370370370370371,0.4375,0.4,0.5142857142857142,0.5178571428571429,0.5862068965517241,0.35,0.5263157894736842,0.5,0.5853658536585366,0.5454545454545454
177,0.4897959183673469,0.46153846153846156,0.4,0.5283018867924528,0.5555555555555556,0.5,0.35555555555555557,0.4857142857142857,0.48214285714285715,0.5862068965517241,0.2,0.3157894736842105,0.4473684210526316,0.4146341463414634,0.4090909090909091
178,0.4489795918367347,0.4807692307692308,0.45,0.4339622641509434,0.48148148148148145,0.4791666666666667,0.4444444444444444,0.5428571428571428,0.5535714285714286,0.4482758620689655,0.4,0.42105263157894735,0.5526315789473685,0.3902439024390244,0.45454545454545453
179,0.4897959183673469,0.4423076923076923,0.525,0.5660377358490566,0.46296296296296297,0.4791666666666667,0.4222222222222222,0.6,0.48214285714285715,0.5172413793103449,0.3,0.42105263157894735,0.5526315789473685,0.5365853658536586,0.45454545454545453
180,0.5510204081632653,0.46153846153846156,0.45,0.5283018867924528,0.5555555555555556,0.4166666666666667,0.4888888888888889,0.6,0.5535714285714286,0.5862068965517241,0.45,0.3684210526315789,0.6052631578947368,0.24390243902439024,0.5454545454545454
181,0.5102040816326531,0.34615384615384615,0.525,0.6226415094339622,0.5,0.4791666666666667,0.5111111111111111,0.6,0.625,0.7241379310344828,0.45,0.47368421052631576,0.6578947368421053,0.4634146341463415,0.6363636363636364
182,0.46938775510204084,0.34615384615384615,0.575,0.660377358490566,0.5185185185185185,0.4166666666666667,0.4888888888888889,0.5714285714285714,0.5535714285714286,0.6206896551724138,0.5,0.47368421052631576,0.7368421052631579,0.6097560975609756,0.7727272727272727
183,0.5102040816326531,0.4230769230769231,0.675,0.7358490566037735,0.48148148148148145,0.4583333333333333,0.5555555555555556,0.7142857142857143,0.6607142857142857,0.6551724137931034,0.45,0.631578947368421,0.631578947368421,0.6097560975609756,0.7272727272727273
184,0.6326530612244898,0.6346153846153846,0.6,0.6037735849056604,0.6296296296296297,0.5208333333333334,0.6222222222222222,0.6285714285714286,0.6428571428571429,0.7241379310344828,0.45,0.5263157894736842,0.631578947368421,0.6097560975609756,0.6363636363636364
185,0.5918367346938775,0.4807692307692308,0.55,0.6792452830188679,0.5925925925925926,0.5208333333333334,0.6,0.5428571428571428,0.6428571428571429,0.6551724137931034,0.35,0.5263157894736842,0.5789473684210527,0.6341463414634146,0.6363636363636364
186,0.5714285714285714,0.46153846153846156,0.5,0.49056603773584906,0.5185185185185185,0.375,0.4666666666666667,0.6285714285714286,0.5178571428571429,0.7931034482758621,0.5,0.2631578947368421,0.5789473684210527,0.5609756097560976,0.5909090909090909
187,0.46938775510204084,0.46153846153846156,0.45,0.5849056603773585,0.5185185185185185,0.4375,0.5333333333333333,0.5428571428571428,0.5178571428571429,0.6206896551724138,0.35,0.3684210526315789,0.5,0.5609756097560976,0.5
188,0.42857142857142855,0.4230769230769231,0.45,0.660377358490566,0.48148148148148145,0.3333333333333333,0.4222222222222222,0.6285714285714286,0.5535714285714286,0.5517241379310345,0.35,0.42105263157894735,0.5263157894736842,0.4878048780487805,0.6363636363636364
189,0.4897959183673469,0.4230769230769231,0.6,0.5660377358490566,0.46296296296296297,0.4791666666666667,0.4222222222222222,0.45714285714285713,0.5,0.6551724137931034,0.4,0.21052631578947367,0.5,0.4634146341463415,0.5
190,0.5306122448979592,0.4807692307692308,0.525,0.5283018867924528,0.46296296296296297,0.3541666666666667,0.4222222222222222,0.5142857142857142,0.5535714285714286,0.5862068965517241,0.4,0.21052631578947367,0.6052631578947368,0.4878048780487805,0.45454545454545453
191,0.6122448979591837,0.38461538461538464,0.45,0.5849056603773585,0.46296296296296297,0.3125,0.35555555555555557,0.5428571428571428,0.5,0.6896551724137931,0.3,0.3684210526315789,0.47368421052631576,0.43902439024390244,0.4090909090909091
192,0.4489795918367347,0.4807692307692308,0.55,0.49056603773584906,0.42592592592592593,0.3958333333333333,0.5333333333333333,0.5428571428571428,0.42857142857142855,0.5517241379310345,0.5,0.3157894736842105,0.5,0.5365853658536586,0.3181818181818182
193,0.4897959183673469,0.34615384615384615,0.475,0.41509433962264153,0.4444444444444444,0.4791666666666667,0.4444444444444444,0.4857142857142857,0.42857142857142855,0.41379310344827586,0.45,0.3684210526315789,0.6052631578947368,0.36585365853658536,0.4090909090909091
194,0.46938775510204084,0.46153846153846156,0.425,0.4339622641509434,0.4444444444444444,0.375,0.37777777777777777,0.45714285714285713,0.5,0.5517241379310345,0.35,0.3684210526315789,0.6578947368421053,0.4878048780487805,0.5454545454545454
195,0.46938775510204084,0.5961538461538461,0.475,0.5283018867924528,0.5185185185185185,0.4791666666666667,0.4444444444444444,0.6,0.5,0.6551724137931034,0.25,0.3684210526315789,0.5263157894736842,0.4634146341463415,0.45454545454545453
196,0.40816326530612246,0.5192307692307693,0.475,0.3584905660377358,0.5,0.4583333333333333,0.5333333333333333,0.42857142857142855,0.5,0.6551724137931034,0.45,0.5263157894736842,0.5263157894736842,0.4634146341463415,0.5454545454545454
197,0.5510204081632653,0.5,0.575,0.660377358490566,0.5370370370370371,0.5416666666666666,0.5777777777777777,0.7142857142857143,0.6071428571428571,0.7241379310344828,0.5,0.5263157894736842,0.7105263157894737,0.5609756097560976,0.7272727272727273
198,0.42857142857142855,0.4807692307692308,0.4,0.5094339622641509,0.46296296296296297,0.4791666666666667,0.5111111111111111,0.6285714285714286,0.5357142857142857,0.6551724137931034,0.45,0.47368421052631576,0.631578947368421,0.6097560975609756,0.5
199,0.40816326530612246,0.38461538461538464,0.45,0.5660377358490566,0.4074074074074074,0.4166666666666667,0.37777777777777777,0.5714285714285714,0.375,0.41379310344827586,0.2,0.2631578947368421,0.5789473684210527,0.4878048780487805,0.5454545454545454
200,0.42857142857142855,0.36538461538461536,0.3,0.49056603773584906,0.48148148148148145,0.4583333333333333,0.37777777777777777,0.2857142857142857,0.44642857142857145,0.5862068965517241,0.45,0.42105263157894735,0.4473684210526316,0.4146341463414634,0.36363636363636365
201,0.3469387755102041,0.38461538461538464,0.3,0.5849056603773585,0.4074074074074074,0.3333333333333333,0.4,0.42857142857142855,0.48214285714285715,0.4482758620689655,0.3,0.2631578947368421,0.39473684210526316,0.4146341463414634,0.2727272727272727
202,0.30612244897959184,0.38461538461538464,0.375,0.5283018867924528,0.37037037037037035,0.3333333333333333,0.4,0.45714285714285713,0.375,0.5517241379310345,0.4,0.3157894736842105,0.3684210526315789,0.2682926829268293,0.5
203,0.4489795918367347,0.36538461538461536,0.35,0.4716981132075472,0.48148148148148145,0.5,0.4444444444444444,0.34285714285714286,0.48214285714285715,0.7586206896551724,0.2,0.42105263157894735,0.39473684210526316,0.36585365853658536,0.2727272727272727
204,0.42857142857142855,0.34615384615384615,0.575,0.6037735849056604,0.46296296296296297,0.4166666666666667,0.4888888888888889,0.5428571428571428,0.5178571428571429,0.5172413793103449,0.45,0.5789473684210527,0.5263157894736842,0.4878048780487805,0.5454545454545454
205,0.5510204081632653,0.40384615384615385,0.625,0.6037735849056604,0.5740740740740741,0.5416666666666666,0.4666666666666667,0.5142857142857142,0.6071428571428571,0.5172413793103449,0.35,0.42105263157894735,0.6842105263157895,0.5121951219512195,0.5909090909090909
206,0.5714285714285714,0.4423076923076923,0.575,0.6226415094339622,0.5740740740740741,0.5625,0.4444444444444444,0.5714285714285714,0.6071428571428571,0.6551724137931034,0.55,0.3684210526315789,0.5263157894736842,0.4878048780487805,0.5
207,0.42857142857142855,0.3269230769230769,0.5,0.41509433962264153,0.46296296296296297,0.3958333333333333,0.4888888888888889,0.5142857142857142,0.48214285714285715,0.5862068965517241,0.5,0.3684210526315789,0.5526315789473685,0.4634146341463415,0.5454545454545454
208,0.3673469387755102,0.38461538461538464,0.425,0.6415094339622641,0.3888888888888889,0.3958333333333333,0.4222222222222222,0.4857142857142857,0.4642857142857143,0.6896551724137931,0.55,0.3157894736842105,0.5789473684210527,0.4878048780487805,0.5
209,0.4489795918367347,0.34615384615384615,0.425,0.4528301886792453,0.46296296296296297,0.3541666666666667,0.4222222222222222,0.5142857142857142,0.42857142857142855,0.4827586206896552,0.5,0.2631578947368421,0.42105263157894735,0.36585365853658536,0.3181818181818182
210,0.32653061224489793,0.4230769230769231,0.45,0.39622641509433965,0.35185185185185186,0.3958333333333333,0.4888888888888889,0.37142857142857144,0.3392857142857143,0.6551724137931034,0.4,0.2631578947368421,0.42105263157894735,0.2682926829268293,0.5454545454545454
211,0.5306122448979592,0.4807692307692308,0.4,0.5283018867924528,0.46296296296296297,0.2708333333333333,0.4666666666666667,0.37142857142857144,0.4107142857142857,0.4827586206896552,0.35,0.10526315789473684,0.42105263157894735,0.2926829268292683,0.5454545454545454
212,0.2653061224489796,0.3076923076923077,0.425,0.3584905660377358,0.3148148148148148,0.375,0.37777777777777777,0.3142857142857143,0.375,0.3103448275862069,0.3,0.05263157894736842,0.2894736842105263,0.24390243902439024,0.45454545454545453
213,0.30612244897959184,0.3269230769230769,0.525,0.5094339622641509,0.3333333333333333,0.3333333333333333,0.3333333333333333,0.42857142857142855,0.42857142857142855,0.5862068965517241,0.3,0.15789473684210525,0.47368421052631576,0.34146341463414637,0.45454545454545453
214,0.42857142857142855,0.34615384615384615,0.425,0.4716981132075472,0.4074074074074074,0.3333333333333333,0.4444444444444444,0.5714285714285714,0.4642857142857143,0.4482758620689655,0.25,0.2631578947368421,0.47368421052631576,0.5121951219512195,0.5
215,0.46938775510204084,0.36538461538461536,0.5,0.5283018867924528,0.48148148148148145,0.375,0.4444444444444444,0.42857142857142855,0.4107142857142857,0.5517241379310345,0.25,0.3684210526315789,0.5263157894736842,0.4634146341463415,0.4090909090909091
216,0.3673469387755102,0.3076923076923077,0.4,0.5283018867924528,0.3333333333333333,0.2708333333333333,0.35555555555555557,0.4857142857142857,0.4642857142857143,0.5172413793103449,0.25,0.3157894736842105,0.39473684210526316,0.34146341463414637,0.45454545454545453
217,0.5510204081632653,0.4807692307692308,0.525,0.5849056603773585,0.5370370370370371,0.5,0.5777777777777777,0.5714285714285714,0.5,0.5862068965517241,0.45,0.3684210526315789,0.47368421052631576,0.5365853658536586,0.5
218,0.46938775510204084,0.46153846153846156,0.525,0.5660377358490566,0.48148148148148145,0.4166666666666667,0.5555555555555556,0.4857142857142857,0.42857142857142855,0.5172413793103449,0.25,0.3157894736842105,0.6842105263157895,0.6097560975609756,0.6818181818181818
219,0.5306122448979592,0.5384615384615384,0.6,0.5094339622641509,0.5370370370370371,0.4583333333333333,0.4666666666666667,0.42857142857142855,0.5178571428571429,0.6551724137931034,0.4,0.5263157894736842,0.6052631578947368,0.5609756097560976,0.5
220,0.46938775510204084,0.46153846153846156,0.575,0.4528301886792453,0.5370370370370371,0.5208333333333334,0.5111111111111111,0.5428571428571428,0.5357142857142857,0.3103448275862069,0.45,0.3157894736842105,0.42105263157894735,0.5365853658536586,0.5454545454545454
221,0.46938775510204084,0.5192307692307693,0.5,0.5849056603773585,0.5,0.4583333333333333,0.5333333333333333,0.6,0.6607142857142857,0.6206896551724138,0.35,0.3684210526315789,0.4473684210526316,0.5853658536585366,0.4090909090909091
222,0.4897959183673469,0.4230769230769231,0.5,0.5283018867924528,0.5740740740740741,0.4583333333333333,0.4888888888888889,0.4857142857142857,0.44642857142857145,0.6551724137931034,0.4,0.3157894736842105,0.47368421052631576,0.5121951219512195,0.4090909090909091
223,0.46938775510204084,0.38461538461538464,0.475,0.5094339622641509,0.5,0.5,0.4888888888888889,0.6285714285714286,0.48214285714285715,0.5172413793103449,0.3,0.47368421052631576,0.5,0.5121951219512195,0.4090909090909091
224,0.5102040816326531,0.3269230769230769,0.525,0.6037735849056604,0.5,0.4791666666666667,0.5333333333333333,0.5428571428571428,0.5357142857142857,0.4827586206896552,0.3,0.3684210526315789,0.631578947368421,0.5609756097560976,0.4090909090909091
225,0.5306122448979592,0.36538461538461536,0.475,0.5471698113207547,0.5555555555555556,0.5625,0.4666666666666667,0.5428571428571428,0.48214285714285715,0.6551724137931034,0.2,0.2631578947368421,0.5,0.5365853658536586,0.5
226,0.5510204081632653,0.40384615384615385,0.475,0.5660377358490566,0.48148148148148145,0.4166666666666667,0.4444444444444444,0.6,0.5178571428571429,0.5862068965517241,0.3,0.42105263157894735,0.5526315789473685,0.5121951219512195,0.5454545454545454
227,0.3673469387755102,0.3076923076923077,0.45,0.5094339622641509,0.42592592592592593,0.4791666666666667,0.35555555555555557,0.37142857142857144,0.4107142857142857,0.5517241379310345,0.35,0.3157894736842105,0.5526315789473685,0.34146341463414637,0.4090909090909091
228,0.42857142857142855,0.3269230769230769,0.35,0.5283018867924528,0.4074074074074074,0.375,0.28888888888888886,0.4,0.48214285714285715,0.5862068965517241,0.15,0.3684210526315789,0.4473684210526316,0.43902439024390244,0.4090909090909091
229,0.5102040816326531,0.5384615384615384,0.55,0.660377358490566,0.6296296296296297,0.5208333333333334,0.5111111111111111,0.45714285714285713,0.4642857142857143,0.5172413793103449,0.25,0.42105263157894735,0.5789473684210527,0.5609756097560976,0.4090909090909091
230,0.42857142857142855,0.38461538461538464,0.3,0.39622641509433965,0.4074074074074074,0.3333333333333333,0.24444444444444444,0.45714285714285713,0.375,0.41379310344827586,0.2,0.2631578947368421,0.4473684210526316,0.5121951219512195,0.36363636363636365
231,0.3673469387755102,0.3076923076923077,0.35,0.41509433962264153,0.3888888888888889,0.3541666666666667,0.3333333333333333,0.3142857142857143,0.32142857142857145,0.41379310344827586,0.15,0.15789473684210525,0.34210526315789475,0.4146341463414634,0.36363636363636365
232,0.3469387755102041,0.34615384615384615,0.475,0.6415094339622641,0.37037037037037035,0.4583333333333333,0.37777777777777777,0.2,0.375,0.4827586206896552,0.3,0.21052631578947367,0.39473684210526316,0.4634146341463415,0.6818181818181818
233,0.46938775510204084,0.4230769230769231,0.5,0.4716981132075472,0.4444444444444444,0.3958333333333333,0.35555555555555557,0.45714285714285713,0.5178571428571429,0.4827586206896552,0.25,0.2631578947368421,0.5263157894736842,0.43902439024390244,0.5
234,0.32653061224489793,0.3269230769230769,0.325,0.4528301886792453,0.2777777777777778,0.25,0.35555555555555557,0.42857142857142855,0.4107142857142857,0.4482758620689655,0.15,0.3157894736842105,0.3157894736842105,0.36585365853658536,0.45454545454545453
235,0.32653061224489793,0.2692307692307692,0.375,0.5283018867924528,0.37037037037037035,0.2708333333333333,0.28888888888888886,0.4,0.4107142857142857,0.6551724137931034,0.35,0.3157894736842105,0.5263157894736842,0.43902439024390244,0.45454545454545453
236,0.42857142857142855,0.3076923076923077,0.475,0.4528301886792453,0.3148148148148148,0.2916666666666667,0.4,0.4857142857142857,0.44642857142857145,0.5172413793103449,0.3,0.21052631578947367,0.47368421052631576,0.34146341463414637,0.5
237,0.4489795918367347,0.34615384615384615,0.525,0.49056603773584906,0.42592592592592593,0.3125,0.4444444444444444,0.42857142857142855,0.4107142857142857,0.3103448275862069,0.25,0.2631578947368421,0.4473684210526316,0.4634146341463415,0.45454545454545453
238,0.5714285714285714,0.4807692307692308,0.475,0.6037735849056604,0.5,0.4583333333333333,0.4666666666666667,0.4,0.44642857142857145,0.6551724137931034,0.6,0.15789473684210525,0.5526315789473685,0.36585365853658536,0.4090909090909091
239,0.5102040816326531,0.4807692307692308,0.45,0.49056603773584906,0.5,0.4583333333333333,0.4222222222222222,0.4857142857142857,0.5,0.5172413793103449,0.35,0.3684210526315789,0.47368421052631576,0.4878048780487805,0.5
240,0.46938775510204084,0.40384615384615385,0.475,0.49056603773584906,0.4444444444444444,0.375,0.4666666666666667,0.45714285714285713,0.4642857142857143,0.4482758620689655,0.25,0.2631578947368421,0.47368421052631576,0.4878048780487805,0.5
241,0.5510204081632653,0.38461538461538464,0.4,0.5094339622641509,0.4074074074074074,0.375,0.4444444444444444,0.5428571428571428,0.375,0.4827586206896552,0.15,0.10526315789473684,0.47368421052631576,0.36585365853658536,0.45454545454545453
242,0.5306122448979592,0.34615384615384615,0.45,0.4716981132075472,0.42592592592592593,0.2916666666666667,0.5111111111111111,0.5142857142857142,0.44642857142857145,0.20689655172413793,0.05,0.05263157894736842,0.5,0.36585365853658536,0.45454545454545453
243,0.5102040816326531,0.4230769230769231,0.525,0.5660377358490566,0.5370370370370371,0.4375,0.4444444444444444,0.5142857142857142,0.375,0.5862068965517241,0.35,0.15789473684210525,0.5263157894736842,0.34146341463414637,0.45454545454545453
244,0.40816326530612246,0.46153846153846156,0.4,0.5094339622641509,0.42592592592592593,0.375,0.28888888888888886,0.4857142857142857,0.375,0.5172413793103449,0.3,0.21052631578947367,0.5526315789473685,0.36585365853658536,0.4090909090909091
245,0.5510204081632653,0.4423076923076923,0.475,0.39622641509433965,0.5,0.375,0.4444444444444444,0.5142857142857142,0.5,0.4482758620689655,0.55,0.42105263157894735,0.4473684210526316,0.36585365853658536,0.36363636363636365
246,0.42857142857142855,0.36538461538461536,0.475,0.5849056603773585,0.4444444444444444,0.3958333333333333,0.35555555555555557,0.6,0.4642857142857143,0.5172413793103449,0.3,0.47368421052631576,0.5,0.4146341463414634,0.6363636363636364
247,0.42857142857142855,0.4230769230769231,0.375,0.5094339622641509,0.42592592592592593,0.375,0.4444444444444444,0.5428571428571428,0.48214285714285715,0.5517241379310345,0.35,0.21052631578947367,0.3684210526315789,0.4878048780487805,0.5
248,0.32653061224489793,0.38461538461538464,0.35,0.37735849056603776,0.3148148148148148,0.3541666666666667,0.3111111111111111,0.5142857142857142,0.375,0.4482758620689655,0.25,0.21052631578947367,0.4473684210526316,0.4634146341463415,0.2727272727272727
249,0.3469387755102041,0.2692307692307692,0.275,0.4528301886792453,0.3333333333333333,0.375,0.37777777777777777,0.3142857142857143,0.35714285714285715,0.4482758620689655,0.3,0.42105263157894735,0.3684210526315789,0.4878048780487805,0.45454545454545453
250,0.3673469387755102,0.3076923076923077,0.35,0.4716981132075472,0.3888888888888889,0.3958333333333333,0.4666666666666667,0.5142857142857142,0.35714285714285715,0.4827586206896552,0.45,0.3684210526315789,0.4473684210526316,0.4634146341463415,0.45454545454545453
251,0.40816326530612246,0.36538461538461536,0.475,0.4339622641509434,0.4074074074074074,0.3958333333333333,0.4222222222222222,0.4,0.39285714285714285,0.5172413793103449,0.35,0.3684210526315789,0.39473684210526316,0.4634146341463415,0.5
252,0.4489795918367347,0.38461538461538464,0.375,0.4339622641509434,0.42592592592592593,0.4166666666666667,0.5111111111111111,0.4857142857142857,0.3392857142857143,0.5517241379310345,0.3,0.2631578947368421,0.39473684210526316,0.4634146341463415,0.2727272727272727
253,0.40816326530612246,0.34615384615384615,0.375,0.39622641509433965,0.42592592592592593,0.375,0.4666666666666667,0.4,0.48214285714285715,0.6206896551724138,0.25,0.3157894736842105,0.4473684210526316,0.34146341463414637,0.45454545454545453
254,0.3673469387755102,0.34615384615384615,0.4,0.32075471698113206,0.4074074074074074,0.3125,0.4222222222222222,0.37142857142857144,0.4107142857142857,0.4482758620689655,0.45,0.3684210526315789,0.42105263157894735,0.3902439024390244,0.2727272727272727
255,0.3877551020408163,0.2692307692307692,0.4,0.49056603773584906,0.4444444444444444,0.3333333333333333,0.4222222222222222,0.4857142857142857,0.42857142857142855,0.41379310344827586,0.25,0.3684210526315789,0.5263157894736842,0.3902439024390244,0.36363636363636365
256,0.30612244897959184,0.3076923076923077,0.375,0.4339622641509434,0.3148148148148148,0.3125,0.37777777777777777,0.45714285714285713,0.4107142857142857,0.27586206896551724,0.3,0.2631578947368421,0.3684210526315789,0.4878048780487805,0.45454545454545453
257,0.40816326530612246,0.36538461538461536,0.35,0.33962264150943394,0.42592592592592593,0.3333333333333333,0.35555555555555557,0.2857142857142857,0.39285714285714285,0.3448275862068966,0.3,0.21052631578947367,0.3157894736842105,0.3170731707317073,0.3181818181818182
258,0.3877551020408163,0.34615384615384615,0.3,0.37735849056603776,0.42592592592592593,0.22916666666666666,0.28888888888888886,0.3142857142857143,0.32142857142857145,0.4482758620689655,0.4,0.2631578947368421,0.3157894736842105,0.34146341463414637,0.2727272727272727
259,0.2653061224489796,0.25,0.35,0.33962264150943394,0.3148148148148148,0.3125,0.28888888888888886,0.4,0.2857142857142857,0.5172413793103449,0.2,0.15789473684210525,0.3684210526315789,0.4146341463414634,0.3181818181818182
260,0.3673469387755102,0.3076923076923077,0.45,0.4339622641509434,0.3333333333333333,0.3333333333333333,0.4,0.42857142857142855,0.35714285714285715,0.5862068965517241,0.35,0.42105263157894735,0.39473684210526316,0.4634146341463415,0.4090909090909091
261,0.30612244897959184,0.34615384615384615,0.275,0.37735849056603776,0.35185185185185186,0.2916666666666667,0.28888888888888886,0.34285714285714286,0.3392857142857143,0.5172413793103449,0.3,0.2631578947368421,0.3684210526315789,0.3170731707317073,0.3181818181818182
262,0.22448979591836735,0.28846153846153844,0.325,0.37735849056603776,0.2777777777777778,0.3125,0.3333333333333333,0.3142857142857143,0.2857142857142857,0.3103448275862069,0.25,0.3157894736842105,0.3684210526315789,0.2682926829268293,0.22727272727272727
263,0.2857142857142857,0.3076923076923077,0.3,0.32075471698113206,0.2777777777777778,0.3541666666666667,0.37777777777777777,0.3142857142857143,0.30357142857142855,0.2413793103448276,0.25,0.21052631578947367,0.39473684210526316,0.2682926829268293,0.4090909090909091
264,0.32653061224489793,0.3076923076923077,0.3,0.39622641509433965,0.37037037037037035,0.2708333333333333,0.37777777777777777,0.4,0.2857142857142857,0.2413793103448276,0.25,0.21052631578947367,0.3157894736842105,0.3170731707317073,0.18181818181818182
265,0.3877551020408163,0.40384615384615385,0.225,0.2830188679245283,0.3888888888888889,0.3333333333333333,0.3333333333333333,0.34285714285714286,0.44642857142857145,0.27586206896551724,0.2,0.15789473684210525,0.39473684210526316,0.3902439024390244,0.45454545454545453
266,0.2653061224489796,0.3076923076923077,0.275,0.3018867924528302,0.2962962962962963,0.3125,0.3111111111111111,0.34285714285714286,0.26785714285714285,0.2413793103448276,0.25,0.21052631578947367,0.3684210526315789,0.34146341463414637,0.13636363636363635
267,0.2653061224489796,0.25,0.25,0.2830188679245283,0.24074074074074073,0.3333333333333333,0.3333333333333333,0.2,0.2857142857142857,0.20689655172413793,0.15,0.10526315789473684,0.2631578947368421,0.21951219512195122,0.22727272727272727
268,0.32653061224489793,0.3269230769230769,0.325,0.33962264150943394,0.3148148148148148,0.2708333333333333,0.4222222222222222,0.2857142857142857,0.30357142857142855,0.20689655172413793,0.2,0.2631578947368421,0.3157894736842105,0.17073170731707318,0.3181818181818182
269,0.20408163265306123,0.3076923076923077,0.225,0.2641509433962264,0.25925925925925924,0.22916666666666666,0.17777777777777778,0.42857142857142855,0.19642857142857142,0.13793103448275862,0.15,0.21052631578947367,0.23684210526315788,0.2682926829268293,0.22727272727272727
270,0.3469387755102041,0.23076923076923078,0.25,0.2641509433962264,0.25925925925925924,0.16666666666666666,0.35555555555555557,0.2571428571428571,0.30357142857142855,0.1724137931034483,0.25,0.3684210526315789,0.23684210526315788,0.3902439024390244,0.3181818181818182
271,0.20408163265306123,0.19230769230769232,0.2,0.24528301886792453,0.2777777777777778,0.1875,0.15555555555555556,0.2,0.26785714285714285,0.2413793103448276,0.25,0.15789473684210525,0.2894736842105263,0.24390243902439024,0.2727272727272727
272,0.22448979591836735,0.21153846153846154,0.175,0.16981132075471697,0.2962962962962963,0.3125,0.26666666666666666,0.17142857142857143,0.21428571428571427,0.2413793103448276,0.1,0.05263157894736842,0.13157894736842105,0.1951219512195122,0.09090909090909091
273,0.20408163265306123,0.25,0.175,0.24528301886792453,0.2777777777777778,0.2916666666666667,0.26666666666666666,0.14285714285714285,0.23214285714285715,0.13793103448275862,0.2,0.10526315789473684,0.18421052631578946,0.1951219512195122,0.13636363636363635
274,0.24489795918367346,0.28846153846153844,0.15,0.18867924528301888,0.2777777777777778,0.3125,0.2,0.17142857142857143,0.25,0.2413793103448276,0.2,0.15789473684210525,0.15789473684210525,0.21951219512195122,0.18181818181818182
275,0.30612244897959184,0.2692307692307692,0.1,0.24528301886792453,0.24074074074074073,0.2708333333333333,0.2222222222222222,0.11428571428571428,0.26785714285714285,0.2413793103448276,0.25,0.15789473684210525,0.18421052631578946,0.2682926829268293,0.2727272727272727
276,0.20408163265306123,0.1346153846153846,0.125,0.1509433962264151,0.24074074074074073,0.22916666666666666,0.26666666666666666,0.08571428571428572,0.19642857142857142,0.06896551724137931,0.15,0.05263157894736842,0.13157894736842105,0.17073170731707318,0.09090909090909091
277,0.1836734693877551,0.17307692307692307,0.125,0.24528301886792453,0.2037037037037037,0.2708333333333333,0.2222222222222222,0.14285714285714285,0.17857142857142858,0.1724137931034483,0.15,0.10526315789473684,0.21052631578947367,0.24390243902439024,0.22727272727272727
278,0.2857142857142857,0.3269230769230769,0.3,0.3018867924528302,0.3148148148148148,0.22916666666666666,0.26666666666666666,0.14285714285714285,0.26785714285714285,0.2413793103448276,0.2,0.15789473684210525,0.39473684210526316,0.24390243902439024,0.2727272727272727
279,0.2653061224489796,0.25,0.3,0.3018867924528302,0.2777777777777778,0.22916666666666666,0.37777777777777777,0.2571428571428571,0.25,0.20689655172413793,0.25,0.15789473684210525,0.2894736842105263,0.24390243902439024,0.36363636363636365
280,0.16326530612244897,0.15384615384615385,0.25,0.18867924528301888,0.16666666666666666,0.1875,0.2,0.2857142857142857,0.21428571428571427,0.13793103448275862,0.15,0.15789473684210525,0.23684210526315788,0.2682926829268293,0.18181818181818182
281,0.20408163265306123,0.19230769230769232,0.225,0.22641509433962265,0.2222222222222222,0.1875,0.3111111111111111,0.22857142857142856,0.16071428571428573,0.2413793103448276,0.15,0.15789473684210525,0.2894736842105263,0.24390243902439024,0.18181818181818182
282,0.1836734693877551,0.17307692307692307,0.15,0.2641509433962264,0.16666666666666666,0.14583333333333334,0.2,0.22857142857142856,0.19642857142857142,0.20689655172413793,0.2,0.15789473684210525,0.21052631578947367,0.24390243902439024,0.13636363636363635
283,0.2653061224489796,0.19230769230769232,0.225,0.20754716981132076,0.2777777777777778,0.20833333333333334,0.3333333333333333,0.3142857142857143,0.2857142857142857,0.20689655172413793,0.15,0.10526315789473684,0.2631578947368421,0.2926829268292683,0.3181818181818182
284,0.24489795918367346,0.2692307692307692,0.225,0.2641509433962264,0.3148148148148148,0.2916666666666667,0.35555555555555557,0.3142857142857143,0.2857142857142857,0.2413793103448276,0.25,0.15789473684210525,0.3684210526315789,0.2682926829268293,0.2727272727272727
285,0.1836734693877551,0.17307692307692307,0.225,0.22641509433962265,0.2037037037037037,0.22916666666666666,0.2222222222222222,0.2571428571428571,0.23214285714285715,0.20689655172413793,0.15,0.15789473684210525,0.2894736842105263,0.2682926829268293,0.22727272727272727
286,0.16326530612244897,0.17307692307692307,0.175,0.22641509433962265,0.2037037037037037,0.22916666666666666,0.2222222222222222,0.14285714285714285,0.23214285714285715,0.20689655172413793,0.1,0.05263157894736842,0.18421052631578946,0.3170731707317073,0.09090909090909091
287,0.10204081632653061,0.11538461538461539,0.175,0.11320754716981132,0.12962962962962962,0.14583333333333334,0.17777777777777778,0.11428571428571428,0.125,0.10344827586206896,0.15,0.0,0.18421052631578946,0.0975609756097561,0.13636363636363635
288,0.12244897959183673,0.1346153846153846,0.075,0.18867924528301888,0.14814814814814814,0.1875,0.24444444444444444,0.14285714285714285,0.08928571428571429,0.10344827586206896,0.2,0.10526315789473684,0.10526315789473684,0.1951219512195122,0.09090909090909091
289,0.12244897959183673,0.1346153846153846,0.175,0.16981132075471697,0.14814814814814814,0.1875,0.26666666666666666,0.02857142857142857,0.14285714285714285,0.13793103448275862,0.1,0.10526315789473684,0.10526315789473684,0.12195121951219512,0.09090909090909091
290,0.061224489795918366,0.057692307692307696,0.075,0.16981132075471697,0.09259259259259259,0.1875,0.13333333333333333,0.14285714285714285,0.10714285714285714,0.1724137931034483,0.05,0.10526315789473684,0.18421052631578946,0.17073170731707318,0.045454545454545456
291,0.14285714285714285,0.09615384615384616,0.125,0.16981132075471697,0.1111111111111111,0.22916666666666666,0.1111111111111111,0.11428571428571428,0.17857142857142858,0.10344827586206896,0.05,0.15789473684210525,0.15789473684210525,0.14634146341463414,0.09090909090909091
292,0.1836734693877551,0.17307692307692307,0.15,0.1320754716981132,0.12962962962962962,0.125,0.13333333333333333,0.08571428571428572,0.10714285714285714,0.10344827586206896,0.3,0.0,0.13157894736842105,0.0975609756097561,0.13636363636363635
293,0.1836734693877551,0.1346153846153846,0.15,0.09433962264150944,0.16666666666666666,0.20833333333333334,0.15555555555555556,0.17142857142857143,0.16071428571428573,0.034482758620689655,0.1,0.2631578947368421,0.18421052631578946,0.14634146341463414,0.09090909090909091
294,0.14285714285714285,0.15384615384615385,0.15,0.16981132075471697,0.14814814814814814,0.16666666666666666,0.15555555555555556,0.17142857142857143,0.19642857142857142,0.13793103448275862,0.1,0.15789473684210525,0.15789473684210525,0.14634146341463414,0.045454545454545456
295,0.14285714285714285,0.15384615384615385,0.2,0.16981132075471697,0.16666666666666666,0.20833333333333334,0.2222222222222222,0.08571428571428572,0.125,0.10344827586206896,0.05,0.2631578947368421,0.15789473684210525,0.17073170731707318,0.045454545454545456
296,0.14285714285714285,0.1346153846153846,0.175,0.09433962264150944,0.16666666666666666,0.14583333333333334,0.17777777777777778,0.2571428571428571,0.14285714285714285,0.13793103448275862,0.05,0.15789473684210525,0.21052631578947367,0.2682926829268293,0.045454545454545456
297,0.12244897959183673,0.09615384615384616,0.1,0.1509433962264151,0.16666666666666666,0.10416666666666667,0.17777777777777778,0.14285714285714285,0.17857142857142858,0.13793103448275862,0.05,0.10526315789473684,0.15789473684210525,0.21951219512195122,0.09090909090909091
298,0.08163265306122448,0.09615384615384616,0.05,0.07547169811320754,0.12962962962962962,0.16666666666666666,0.2,0.17142857142857143,0.10714285714285714,0.10344827586206896,0.1,0.0,0.05263157894736842,0.07317073170731707,0.045454545454545456
299,0.14285714285714285,0.19230769230769232,0.1,0.18867924528301888,0.14814814814814814,0.125,0.2222222222222222,0.05714285714285714,0.17857142857142858,0.13793103448275862,0.05,0.05263157894736842,0.15789473684210525,0.0975609756097561,0.13636363636363635
300,0.1836734693877551,0.1346153846153846,0.125,0.09433962264150944,0.16666666666666666,0.14583333333333334,0.15555555555555556,0.17142857142857143,0.10714285714285714,0.13793103448275862,0.1,0.05263157894736842,0.18421052631578946,0.0975609756097561,0.13636363636363635
301,0.12244897959183673,0.09615384615384616,0.1,0.1320754716981132,0.12962962962962962,0.14583333333333334,0.1111111111111111,0.14285714285714285,0.14285714285714285,0.1724137931034483,0.1,0.05263157894736842,0.07894736842105263,0.1951219512195122,0.045454545454545456
302,0.12244897959183673,0.11538461538461539,0.1,0.07547169811320754,0.1111111111111111,0.10416666666666667,0.13333333333333333,0.11428571428571428,0.10714285714285714,0.13793103448275862,0.1,0.10526315789473684,0.10526315789473684,0.07317073170731707,0.045454545454545456
303,0.04081632653061224,0.019230769230769232,0.075,0.0,0.018518518518518517,0.041666666666666664,0.1111111111111111,0.02857142857142857,0.05357142857142857,0.0,0.0,0.0,0.05263157894736842,0.0975609756097561,0.0
304,0.02040816326530612,0.057692307692307696,0.0,0.03773584905660377,0.037037037037037035,0.0625,0.08888888888888889,0.05714285714285714,0.03571428571428571,0.034482758620689655,0.05,0.0,0.07894736842105263,0.024390243902439025,0.0
305,0.10204081632653061,0.09615384615384616,0.15,0.07547169811320754,0.1111111111111111,0.125,0.15555555555555556,0.08571428571428572,0.08928571428571429,0.06896551724137931,0.1,0.05263157894736842,0.15789473684210525,0.0975609756097561,0.045454545454545456
306,0.08163265306122448,0.09615384615384616,0.025,0.1320754716981132,0.14814814814814814,0.16666666666666666,0.044444444444444446,0.11428571428571428,0.08928571428571429,0.10344827586206896,0.1,0.10526315789473684,0.10526315789473684,0.0975609756097561,0.0
307,0.08163265306122448,0.09615384615384616,0.1,0.09433962264150944,0.07407407407407407,0.10416666666666667,0.08888888888888889,0.11428571428571428,0.08928571428571429,0.06896551724137931,0.0,0.15789473684210525,0.10526315789473684,0.0975609756097561,0.09090909090909091
308,0.16326530612244897,0.11538461538461539,0.15,0.16981132075471697,0.14814814814814814,0.10416666666666667,0.17777777777777778,0.14285714285714285,0.125,0.1724137931034483,0.2,0.10526315789473684,0.10526315789473684,0.0975609756097561,0.09090909090909091
309,0.061224489795918366,0.038461538461538464,0.05,0.05660377358490566,0.07407407407407407,0.10416666666666667,0.13333333333333333,0.08571428571428572,0.017857142857142856,0.034482758620689655,0.05,0.0,0.02631578947368421,0.0975609756097561,0.045454545454545456
310,0.02040816326530612,0.07692307692307693,0.05,0.018867924528301886,0.018518518518518517,0.041666666666666664,0.044444444444444446,0.02857142857142857,0.03571428571428571,0.06896551724137931,0.1,0.05263157894736842,0.05263157894736842,0.07317073170731707,0.0
311,0.04081632653061224,0.038461538461538464,0.025,0.03773584905660377,0.05555555555555555,0.041666666666666664,0.1111111111111111,0.02857142857142857,0.03571428571428571,0.034482758620689655,0.1,0.05263157894736842,0.07894736842105263,0.024390243902439025,0.09090909090909091
312,0.02040816326530612,0.038461538461538464,0.0,0.05660377358490566,0.07407407407407407,0.041666666666666664,0.044444444444444446,0.05714285714285714,0.017857142857142856,0.034482758620689655,0.0,0.0,0.02631578947368421,0.04878048780487805,0.045454545454545456
313,0.061224489795918366,0.038461538461538464,0.025,0.05660377358490566,0.07407407407407407,0.08333333333333333,0.13333333333333333,0.02857142857142857,0.05357142857142857,0.034482758620689655,0.05,0.05263157894736842,0.07894736842105263,0.07317073170731707,0.09090909090909091
314,0.10204081632653061,0.09615384615384616,0.1,0.09433962264150944,0.09259259259259259,0.10416666666666667,0.13333333333333333,0.11428571428571428,0.08928571428571429,0.13793103448275862,0.05,0.10526315789473684,0.15789473684210525,0.14634146341463414,0.13636363636363635
315,0.08163265306122448,0.09615384615384616,0.05,0.05660377358490566,0.09259259259259259,0.08333333333333333,0.1111111111111111,0.08571428571428572,0.08928571428571429,0.10344827586206896,0.0,0.05263157894736842,0.13157894736842105,0.07317073170731707,0.13636363636363635
316,0.061224489795918366,0.038461538461538464,0.075,0.018867924528301886,0.037037037037037035,0.041666666666666664,0.1111111111111111,0.11428571428571428,0.05357142857142857,0.06896551724137931,0.05,0.0,0.07894736842105263,0.04878048780487805,0.09090909090909091
317,0.04081632653061224,0.019230769230769232,0.075,0.05660377358490566,0.018518518518518517,0.041666666666666664,0.08888888888888889,0.02857142857142857,0.017857142857142856,0.10344827586206896,0.05,0.0,0.05263157894736842,0.024390243902439025,0.09090909090909091
318,0.02040816326530612,0.038461538461538464,0.05,0.03773584905660377,0.037037037037037035,0.0,0.08888888888888889,0.05714285714285714,0.05357142857142857,0.034482758620689655,0.0,0.0,0.07894736842105263,0.0,0.0
319,0.04081632653061224,0.019230769230769232,0.025,0.07547169811320754,0.05555555555555555,0.0625,0.022222222222222223,0.0,0.03571428571428571,0.034482758620689655,0.0,0.0,0.02631578947368421,0.0,0.045454545454545456
320,0.04081632653061224,0.019230769230769232,0.05,0.03773584905660377,0.018518518518518517,0.041666666666666664,0.044444444444444446,0.02857142857142857,0.03571428571428571,0.10344827586206896,0.05,0.0,0.0,0.024390243902439025,0.045454545454545456
321,0.061224489795918366,0.038461538461538464,0.025,0.018867924528301886,0.05555555555555555,0.041666666666666664,0.08888888888888889,0.02857142857142857,0.07142857142857142,0.034482758620689655,0.0,0.05263157894736842,0.05263157894736842,0.07317073170731707,0.045454545454545456
322,0.02040816326530612,0.038461538461538464,0.05,0.0,0.0,0.041666666666666664,0.08888888888888889,0.02857142857142857,0.03571428571428571,0.0,0.0,0.10526315789473684,0.02631578947368421,0.04878048780487805,0.0
323,0.061224489795918366,0.057692307692307696,0.0,0.0,0.037037037037037035,0.0,0.08888888888888889,0.02857142857142857,0.03571428571428571,0.034482758620689655,0.1,0.05263157894736842,0.10526315789473684,0.04878048780487805,0.045454545454545456
324,0.0,0.019230769230769232,0.075,0.018867924528301886,0.037037037037037035,0.0625,0.044444444444444446,0.0,0.017857142857142856,0.034482758620689655,0.05,0.10526315789473684,0.07894736842105263,0.07317073170731707,0.045454545454545456
325,0.061224489795918366,0.038461538461538464,0.025,0.03773584905660377,0.037037037037037035,0.08333333333333333,0.044444444444444446,0.0,0.03571428571428571,0.0,0.15,0.0,0.02631578947368421,0.04878048780487805,0.0
326,0.02040816326530612,0.057692307692307696,0.025,0.03773584905660377,0.018518518518518517,0.0,0.06666666666666667,0.02857142857142857,0.0,0.034482758620689655,0.1,0.0,0.05263157894736842,0.04878048780487805,0.045454545454545456
327,0.02040816326530612,0.019230769230769232,0.1,0.03773584905660377,0.037037037037037035,0.041666666666666664,0.06666666666666667,0.02857142857142857,0.017857142857142856,0.10344827586206896,0.0,0.10526315789473684,0.02631578947368421,0.024390243902439025,0.0
328,0.02040816326530612,0.038461538461538464,0.075,0.03773584905660377,0.037037037037037035,0.020833333333333332,0.044444444444444446,0.02857142857142857,0.03571428571428571,0.034482758620689655,0.1,0.05263157894736842,0.05263157894736842,0.04878048780487805,0.0
329,0.061224489795918366,0.07692307692307693,0.1,0.05660377358490566,0.09259259259259259,0.0625,0.08888888888888889,0.08571428571428572,0.07142857142857142,0.10344827586206896,0.1,0.05263157894736842,0.07894736842105263,0.0975609756097561,0.0
330,0.02040816326530612,0.038461538461538464,0.05,0.05660377358490566,0.018518518518518517,0.041666666666666664,0.15555555555555556,0.08571428571428572,0.03571428571428571,0.034482758620689655,0.05,0.0,0.07894736842105263,0.14634146341463414,0.0
331,0.04081632653061224,0.038461538461538464,0.025,0.07547169811320754,0.037037037037037035,0.041666666666666664,0.044444444444444446,0.08571428571428572,0.07142857142857142,0.034482758620689655,0.05,0.0,0.05263157894736842,0.07317073170731707,0.09090909090909091
332,0.0,0.019230769230769232,0.0,0.03773584905660377,0.0,0.020833333333333332,0.022222222222222223,0.02857142857142857,0.017857142857142856,0.034482758620689655,0.0,0.05263157894736842,0.05263157894736842,0.0975609756097561,0.0
333,0.02040816326530612,0.019230769230769232,0.025,0.0,0.018518518518518517,0.0625,0.022222222222222223,0.02857142857142857,0.017857142857142856,0.034482758620689655,0.0,0.0,0.02631578947368421,0.024390243902439025,0.0
334,0.061224489795918366,0.057692307692307696,0.025,0.03773584905660377,0.05555555555555555,0.020833333333333332,0.06666666666666667,0.05714285714285714,0.05357142857142857,0.034482758620689655,0.1,0.0,0.07894736842105263,0.07317073170731707,0.045454545454545456
335,0.061224489795918366,0.057692307692307696,0.05,0.05660377358490566,0.05555555555555555,0.041666666666666664,0.08888888888888889,0.05714285714285714,0.07142857142857142,0.06896551724137931,0.05,0.0,0.02631578947368421,0.04878048780487805,0.09090909090909091
336,0.08163265306122448,0.07692307692307693,0.05,0.03773584905660377,0.12962962962962962,0.08333333333333333,0.08888888888888889,0.02857142857142857,0.08928571428571429,0.034482758620689655,0.05,0.0,0.02631578947368421,0.024390243902439025,0.045454545454545456
337,0.10204081632653061,0.07692307692307693,0.05,0.05660377358490566,0.07407407407407407,0.08333333333333333,0.08888888888888889,0.02857142857142857,0.10714285714285714,0.10344827586206896,0.05,0.0,0.02631578947368421,0.12195121951219512,0.045454545454545456
338,0.08163265306122448,0.057692307692307696,0.125,0.11320754716981132,0.05555555555555555,0.08333333333333333,0.06666666666666667,0.0,0.03571428571428571,0.06896551724137931,0.1,0.0,0.05263157894736842,0.12195121951219512,0.0
339,0.02040816326530612,0.019230769230769232,0.075,0.018867924528301886,0.037037037037037035,0.041666666666666664,0.022222222222222223,0.02857142857142857,0.03571428571428571,0.0,0.05,0.0,0.02631578947368421,0.024390243902439025,0.0
340,0.04081632653061224,0.038461538461538464,0.05,0.05660377358490566,0.037037037037037035,0.0625,0.06666666666666667,0.05714285714285714,0.03571428571428571,0.034482758620689655,0.05,0.0,0.05263157894736842,0.024390243902439025,0.0
341,0.04081632653061224,0.07692307692307693,0.1,0.018867924528301886,0.037037037037037035,0.020833333333333332,0.08888888888888889,0.11428571428571428,0.05357142857142857,0.034482758620689655,0.1,0.05263157894736842,0.05263157894736842,0.07317073170731707,0.0
342,0.04081632653061224,0.07692307692307693,0.125,0.05660377358490566,0.037037037037037035,0.0625,0.044444444444444446,0.08571428571428572,0.03571428571428571,0.06896551724137931,0.0,0.0,0.05263157894736842,0.14634146341463414,0.0
343,0.0,0.038461538461538464,0.025,0.03773584905660377,0.05555555555555555,0.020833333333333332,0.0,0.0,0.017857142857142856,0.06896551724137931,0.0,0.0,0.02631578947368421,0.04878048780487805,0.0
344,0.02040816326530612,0.019230769230769232,0.05,0.018867924528301886,0.018518518518518517,0.08333333333333333,0.044444444444444446,0.0,0.017857142857142856,0.0,0.0,0.0,0.0,0.0,0.045454545454545456
345,0.061224489795918366,0.057692307692307696,0.075,0.05660377358490566,0.05555555555555555,0.08333333333333333,0.08888888888888889,0.05714285714285714,0.05357142857142857,0.10344827586206896,0.05,0.10526315789473684,0.05263157894736842,0.07317073170731707,0.0
346,0.10204081632653061,0.11538461538461539,0.075,0.05660377358490566,0.1111111111111111,0.10416666666666667,0.1111111111111111,0.05714285714285714,0.125,0.06896551724137931,0.05,0.15789473684210525,0.07894736842105263,0.0975609756097561,0.045454545454545456
347,0.061224489795918366,0.038461538461538464,0.075,0.05660377358490566,0.07407407407407407,0.08333333333333333,0.06666666666666667,0.05714285714285714,0.05357142857142857,0.0,0.0,0.0,0.02631578947368421,0.07317073170731707,0.0
348,0.08163265306122448,0.09615384615384616,0.15,0.09433962264150944,0.1111111111111111,0.0625,0.08888888888888889,0.05714285714285714,0.10714285714285714,0.0,0.05,0.0,0.07894736842105263,0.0975609756097561,0.045454545454545456
349,0.12244897959183673,0.07692307692307693,0.075,0.07547169811320754,0.1111111111111111,0.08333333333333333,0.08888888888888889,0.08571428571428572,0.05357142857142857,0.0,0.0,0.05263157894736842,0.05263157894736842,0.04878048780487805,0.09090909090909091
350,0.0,0.0,0.05,0.05660377358490566,0.0,0.020833333333333332,0.022222222222222223,0.02857142857142857,0.0,0.10344827586206896,0.05,0.0,0.02631578947368421,0.0,0.0
351,0.04081632653061224,0.038461538461538464,0.05,0.018867924528301886,0.037037037037037035,0.0,0.0,0.08571428571428572,0.05357142857142857,0.034482758620689655,0.0,0.0,0.0,0.0,0.0
352,0.0,0.0,0.0,0.0,0.0,0.041666666666666664,0.044444444444444446,0.02857142857142857,0.0,0.0,0.1,0.0,0.05263157894736842,0.0,0.0
353,0.061224489795918366,0.038461538461538464,0.05,0.0,0.05555555555555555,0.020833333333333332,0.022222222222222223,0.02857142857142857,0.05357142857142857,0.034482758620689655,0.1,0.05263157894736842,0.05263157894736842,0.07317073170731707,0.045454545454545456
354,0.02040816326530612,0.019230769230769232,0.025,0.0,0.018518518518518517,0.020833333333333332,0.022222222222222223,0.05714285714285714,0.017857142857142856,0.0,0.05,0.10526315789473684,0.02631578947368421,0.024390243902439025,0.045454545454545456
355,0.02040816326530612,0.0,0.025,0.018867924528301886,0.0,0.020833333333333332,0.044444444444444446,0.02857142857142857,0.017857142857142856,0.034482758620689655,0.05,0.0,0.05263157894736842,0.024390243902439025,0.0
356,0.02040816326530612,0.038461538461538464,0.025,0.0,0.018518518518518517,0.0625,0.022222222222222223,0.05714285714285714,0.017857142857142856,0.0,0.0,0.05263157894736842,0.02631578947368421,0.04878048780487805,0.045454545454545456
357,0.08163265306122448,0.019230769230769232,0.05,0.0,0.037037037037037035,0.0625,0.044444444444444446,0.05714285714285714,0.017857142857142856,0.034482758620689655,0.0,0.05263157894736842,0.07894736842105263,0.12195121951219512,0.045454545454545456
358,0.04081632653061224,0.057692307692307696,0.075,0.018867924528301886,0.05555555555555555,0.08333333333333333,0.08888888888888889,0.08571428571428572,0.07142857142857142,0.06896551724137931,0.1,0.10526315789473684,0.13157894736842105,0.07317073170731707,0.045454545454545456
359,0.02040816326530612,0.057692307692307696,0.025,0.07547169811320754,0.05555555555555555,0.0625,0.022222222222222223,0.02857142857142857,0.05357142857142857,0.0,0.1,0.05263157894736842,0.02631578947368421,0.04878048780487805,0.045454545454545456
360,0.08163265306122448,0.11538461538461539,0.025,0.05660377358490566,0.09259259259259259,0.14583333333333334,0.06666666666666667,0.02857142857142857,0.07142857142857142,0.06896551724137931,0.05,0.05263157894736842,0.02631578947368421,0.07317073170731707,0.045454545454545456
361,0.061224489795918366,0.07692307692307693,0.05,0.05660377358490566,0.09259259259259259,0.041666666666666664,0.044444444444444446,0.05714285714285714,0.07142857142857142,0.06896551724137931,0.05,0.05263157894736842,0.02631578947368421,0.024390243902439025,0.045454545454545456
362,0.061224489795918366,0.09615384615384616,0.075,0.05660377358490566,0.07407407407407407,0.020833333333333332,0.06666666666666667,0.11428571428571428,0.05357142857142857,0.06896551724137931,0.05,0.05263157894736842,0.10526315789473684,0.04878048780487805,0.0
363,0.04081632653061224,0.057692307692307696,0.025,0.0,0.05555555555555555,0.08333333333333333,0.044444444444444446,0.08571428571428572,0.05357142857142857,0.034482758620689655,0.05,0.05263157894736842,0.13157894736842105,0.07317073170731707,0.045454545454545456
364,0.061224489795918366,0.038461538461538464,0.075,0.05660377358490566,0.05555555555555555,0.041666666666666664,0.044444444444444446,0.08571428571428572,0.07142857142857142,0.06896551724137931,0.05,0.05263157894736842,0.10526315789473684,0.04878048780487805,0.045454545454545456
365,0.14285714285714285,0.16666666666666666,0.16666666666666666,0.14285714285714285,0.16666666666666666,0.0,0.14285714285714285,0.2,0.16666666666666666,0.16666666666666666,0.0,0.0,0.1111111111111111,0.0,0.0
